Rk,Player,Season,Age,Tm,Lg,WS,OWS,OBPM,PER,BPM
1,Jarnell Stokes,2016-17,23,DEN,NBA,0.1,0.1,4.9,31.5,16.8
2,Russell Westbrook,2016-17,28,OKC,NBA,13.1,8.5,8.7,30.6,11.1
3,Demetrius Jackson,2016-17,22,BOS,NBA,0.1,0.1,9.7,30.8,9.8
4,Kawhi Leonard,2016-17,25,SAS,NBA,13.6,8.9,7.1,27.6,9.4
5,Kevin Durant,2016-17,28,GSW,NBA,12,8,6.7,27.6,8.9
6,Josh Huestis,2016-17,25,OKC,NBA,0.2,0.1,7.6,26.1,8.8
7,James Harden,2016-17,27,HOU,NBA,15,11.5,7.5,27.4,8.7
8,Chris Paul,2016-17,31,LAC,NBA,10.6,7.9,6.3,26.2,8.7
9,LeBron James,2016-17,32,CLE,NBA,12.9,9.8,6.4,27,7.6
10,Giannis Antetokounmpo,2016-17,22,MIL,NBA,12.4,7.9,4.9,26.1,7.3
11,Jimmy Butler,2016-17,27,CHI,NBA,13.8,10.1,5.6,25.1,7.3
12,Nikola Jokić,2016-17,21,DEN,NBA,9.7,7.7,5.9,26.3,7.3
13,Stephen Curry,2016-17,28,GSW,NBA,12.6,8.7,6.7,24.6,6.9
14,Mike Conley,2016-17,29,MEM,NBA,10,7.5,6,23.2,6.8
15,DeMarcus Cousins,2016-17,26,TOT,NBA,7.6,3.9,5,25.8,6.8
16,Isaiah Thomas,2016-17,27,BOS,NBA,12.5,10.9,7.8,26.5,6.7
17,Kyle Lowry,2016-17,30,TOR,NBA,10.1,7.8,5.8,22.9,6.1
18,Anthony Davis,2016-17,23,NOP,NBA,11,5.9,4.4,27.5,5.9
19,Boban Marjanović,2016-17,28,DET,NBA,1.7,1.2,5.4,29.6,5.5
20,Marc Gasol,2016-17,32,MEM,NBA,7.7,4.2,3.8,20.3,5.2
21,Gordon Hayward,2016-17,26,UTA,NBA,10.4,7.1,4.6,22.2,5
22,Damian Lillard,2016-17,26,POR,NBA,10.4,8.8,6.1,24.1,5
23,Draymond Green,2016-17,26,GSW,NBA,8.2,2.8,1,16.5,4.9
24,Blake Griffin,2016-17,27,LAC,NBA,7.7,5.4,4.2,22.6,4.7
25,Karl-Anthony Towns,2016-17,21,MIN,NBA,12.7,9.9,5.5,25.9,4.7
26,John Wall,2016-17,26,WAS,NBA,8.8,5.8,4.6,23.2,4.7
27,Joel Embiid,2016-17,22,PHI,NBA,1.9,0.5,1.9,24.1,4.5
28,Rudy Gobert,2016-17,24,UTA,NBA,14.3,8.3,2.2,23.3,4.4
29,Kemba Walker,2016-17,26,CHO,NBA,8.1,5.9,4.9,21.3,4.1
30,Pau Gasol,2016-17,36,SAS,NBA,6.4,3.3,2.6,20.2,4
31,Lou Williams,2016-17,30,TOT,NBA,6.1,5.1,4.6,21.4,3.9
32,George Hill,2016-17,30,UTA,NBA,5.9,4,3,19.3,3.8
33,Eric Bledsoe,2016-17,27,PHO,NBA,5.3,4,3.7,20.5,3.6
34,Joel Bolomboy,2016-17,23,UTA,NBA,0.2,0.1,2.3,19.7,3.4
35,Al Horford,2016-17,30,BOS,NBA,6.3,3.6,2.3,17.7,3.4
36,Kyrie Irving,2016-17,24,CLE,NBA,8.9,7.4,4.7,23,3.4
37,Bradley Beal,2016-17,23,WAS,NBA,8.5,6.9,4.2,20.1,3.3
38,DeAndre Jordan,2016-17,28,LAC,NBA,11.8,7.2,2.5,21.8,3.3
39,Otto Porter,2016-17,23,WAS,NBA,9.4,6.4,2.4,17.3,3.3
40,Edy Tavares,2016-17,24,TOT,NBA,0.1,0,-1.4,21.3,3.3
41,Paul George,2016-17,26,IND,NBA,7.1,3.9,3,20.2,3.1
42,John Lucas III,2016-17,34,MIN,NBA,0,0,-4,9.1,3.1
43,DeMar DeRozan,2016-17,27,TOR,NBA,9,6.7,4.1,24,3
44,James Johnson,2016-17,29,MIA,NBA,5.1,1.9,1.1,17,2.8
45,David West,2016-17,36,GSW,NBA,2.6,0.9,-0.7,16.6,2.8
46,Goran Dragić,2016-17,30,MIA,NBA,7.5,5,2.7,19.8,2.6
47,Andre Iguodala,2016-17,33,GSW,NBA,6.9,4.1,0.8,14.3,2.5
48,Dwyane Wade,2016-17,35,CHI,NBA,3.4,0.9,1.6,18.5,2.5
49,Nerlens Noel,2016-17,22,TOT,NBA,4,2.1,0.1,20.4,2.4
50,Brook Lopez,2016-17,28,BRK,NBA,4.9,3.1,2.9,20.4,2.3
51,John Jenkins,2016-17,25,PHO,NBA,0,0,4.3,17.3,2.2
52,Jeff Teague,2016-17,28,IND,NBA,8.1,5.7,2.3,19.2,2.2
53,Jordan Farmar,2016-17,30,SAC,NBA,0,0,2.8,14.4,2.1
54,Kevin Love,2016-17,28,CLE,NBA,6.4,4,3.3,21.1,2.1
55,Paul Millsap,2016-17,31,ATL,NBA,6.4,2.6,0.8,17.8,2.1
56,Jeremy Lin,2016-17,28,BRK,NBA,2.1,1.3,1.9,19.2,2
57,CJ McCollum,2016-17,25,POR,NBA,7.6,6.2,3.4,19.9,2
58,Lucas Nogueira,2016-17,24,TOR,NBA,3.7,1.7,-1,15.5,2
59,Mason Plumlee,2016-17,26,TOT,NBA,6,3.6,0.6,18.1,2
60,Delon Wright,2016-17,24,TOR,NBA,1.1,0.5,-0.1,15,2
61,Rudy Gay,2016-17,30,SAC,NBA,1.8,0.8,1.4,17.9,1.9
62,Archie Goodwin,2016-17,22,TOT,NBA,0.7,0.6,2.2,18.7,1.9
63,Kyle O'Quinn,2016-17,26,NYK,NBA,3.9,2.1,0.2,20.5,1.9
64,Kyle Anderson,2016-17,23,SAS,NBA,2.7,0.7,-1.4,12.5,1.8
65,David Lee,2016-17,33,SAS,NBA,5.7,3.2,0.7,18.5,1.8
66,Greg Monroe,2016-17,26,MIL,NBA,5.6,3,1.3,21.1,1.8
67,Enes Kanter,2016-17,24,OKC,NBA,5.8,4,3,23.7,1.7
68,Brandan Wright,2016-17,29,MEM,NBA,1.6,1.1,1,18.5,1.7
69,Tobias Harris,2016-17,24,DET,NBA,6.8,4,1.3,16.9,1.6
70,Joe Ingles,2016-17,29,UTA,NBA,5,2,-0.7,12.4,1.6
71,Patty Mills,2016-17,28,SAS,NBA,5.1,2.9,1.4,15.2,1.6
72,J.J. Barea,2016-17,32,DAL,NBA,1.3,0.8,3,17.2,1.5
73,Hassan Whiteside,2016-17,27,MIA,NBA,9.5,4.2,0.9,22.6,1.5
74,Danilo Gallinari,2016-17,28,DEN,NBA,6.8,6.2,2.8,17.4,1.4
75,Manu Ginóbili,2016-17,39,SAS,NBA,3,0.6,-0.7,13.9,1.4
76,Dwight Howard,2016-17,31,ATL,NBA,8.3,3.8,0.6,20.8,1.4
77,Tyler Johnson,2016-17,24,MIA,NBA,5.8,3.1,0.4,15.9,1.4
78,Nikola Vučević,2016-17,26,ORL,NBA,4,0.8,0.8,19.1,1.4
79,Jeff Withey,2016-17,26,UTA,NBA,1.8,1,-0.4,18.8,1.4
80,Dāvis Bertāns,2016-17,24,SAS,NBA,2.3,1.1,0.5,12.9,1.3
81,Jordan Crawford,2016-17,28,NOP,NBA,0.9,0.6,2.2,17.6,1.3
82,Jrue Holiday,2016-17,26,NOP,NBA,3.8,1.3,1,17.1,1.3
83,Clint Capela,2016-17,22,HOU,NBA,5.9,3.8,1.3,21.4,1.2
84,Seth Curry,2016-17,26,DAL,NBA,4.6,2.9,0.8,15.5,1.2
85,Shawn Long,2016-17,24,PHI,NBA,0.9,0.6,2.3,24.1,1.2
86,JaVale McGee,2016-17,29,GSW,NBA,3.5,2,1,25.2,1.2
87,Patrick Beverley,2016-17,28,HOU,NBA,5.3,2.9,-0.2,13,1.1
88,Mike Muscala,2016-17,25,ATL,NBA,3.4,1.8,-0.1,14.4,1.1
89,Myles Turner,2016-17,20,IND,NBA,8,4.3,-0.1,18.5,1.1
90,Trevor Ariza,2016-17,31,HOU,NBA,6,2.8,-0.1,12.4,1
91,Bruno Caboclo,2016-17,21,TOR,NBA,0.1,0,0.2,14.6,1
92,Andre Drummond,2016-17,23,DET,NBA,6.7,1.4,0.1,20.9,1
93,Channing Frye,2016-17,33,CLE,NBA,3.7,2.3,1.4,15.6,1
94,Montrezl Harrell,2016-17,23,HOU,NBA,4.1,3.1,0.9,19.2,1
95,Richaun Holmes,2016-17,23,PHI,NBA,3.8,2.2,0.5,18.6,1
96,Dwight Powell,2016-17,25,DAL,NBA,4.6,2.7,-0.1,17.6,1
97,Jae Crowder,2016-17,26,BOS,NBA,6.7,4.1,1,14.9,0.9
98,Danuel House,2016-17,23,WAS,NBA,0,0,-8.9,12.2,0.9
99,Ricky Rubio,2016-17,26,MIN,NBA,6.1,4.5,1.2,16.8,0.9
100,LaMarcus Aldridge,2016-17,31,SAS,NBA,7.2,3.5,0.7,18.6,0.8
101,Nicolas Batum,2016-17,28,CHO,NBA,4.6,1.7,0.6,15.8,0.8
102,Vince Carter,2016-17,40,MEM,NBA,4,1.9,-0.3,11.7,0.8
103,Danny Green,2016-17,29,SAS,NBA,3.4,0.4,-1,10.1,0.8
104,Nenê Hilário,2016-17,34,HOU,NBA,4.1,2.5,0,18.9,0.8
105,Dirk Nowitzki,2016-17,38,DAL,NBA,2.5,0.6,0.8,17,0.8
106,Elfrid Payton,2016-17,22,ORL,NBA,4.4,2.4,0.8,17.2,0.8
107,Klay Thompson,2016-17,26,GSW,NBA,7.1,4.2,2.4,17.4,0.8
108,Carmelo Anthony,2016-17,32,NYK,NBA,4.7,3.2,2.3,17.9,0.7
109,Gary Harris,2016-17,22,DEN,NBA,4.6,3.9,1.5,16.5,0.7
110,Nikola Mirotić,2016-17,25,CHI,NBA,3.8,1.2,0.2,14.5,0.7
111,Jabari Parker,2016-17,21,MIL,NBA,4,2.6,2.1,19.1,0.7
112,Dewayne Dedmon,2016-17,27,SAS,NBA,5.2,2.3,-1.4,16,0.6
113,Amir Johnson,2016-17,29,BOS,NBA,5,2.9,-0.7,15,0.6
114,Larry Nance,2016-17,24,LAL,NBA,3.5,2.1,-0.6,15.7,0.6
115,Zaza Pachulia,2016-17,32,GSW,NBA,4.7,2.3,-1.1,16.1,0.6
116,Marreese Speights,2016-17,29,LAC,NBA,4.2,2.5,0.9,17.5,0.6
117,Tim Hardaway,2016-17,24,ATL,NBA,4.8,2.7,1,15.2,0.5
118,Spencer Hawes,2016-17,28,TOT,NBA,1.7,0.7,-0.3,15.6,0.5
119,Jeremy Lamb,2016-17,24,CHO,NBA,2.7,1.4,0.5,17,0.5
120,C.J. Miles,2016-17,29,IND,NBA,4,2.7,1.2,13.8,0.5
121,Thaddeus Young,2016-17,28,IND,NBA,4.6,2,-0.3,14.9,0.5
122,Brandon Bass,2016-17,31,LAC,NBA,2.2,1.6,1.2,19.7,0.4
123,Tyreke Evans,2016-17,27,TOT,NBA,0.7,-0.2,-0.1,15.5,0.4
124,Joe Johnson,2016-17,35,UTA,NBA,3.8,1.7,0.4,12.8,0.4
125,J.J. Redick,2016-17,32,LAC,NBA,4.8,3.3,1.6,14.8,0.4
126,Thabo Sefolosha,2016-17,32,ATL,NBA,3.3,0.6,-2.1,11.9,0.4
127,Reggie Bullock,2016-17,25,DET,NBA,1,0.4,-1,11.7,0.3
128,Tyson Chandler,2016-17,34,PHO,NBA,4.1,2.7,0.7,16.6,0.3
129,Kenneth Faried,2016-17,27,DEN,NBA,4.5,3.3,1.5,20.3,0.3
130,Kelly Olynyk,2016-17,25,BOS,NBA,4.1,2.2,-0.3,15.3,0.3
131,Kristaps Porziņģis,2016-17,21,NYK,NBA,4.5,2.4,0.7,17.4,0.3
132,Ish Smith,2016-17,28,DET,NBA,3.1,0.9,-0.5,14.7,0.3
133,Beno Udrih,2016-17,34,DET,NBA,1.3,0.8,0.6,16.2,0.3
134,Jonas Valančiūnas,2016-17,24,TOR,NBA,7.9,4.9,1.1,20.1,0.3
135,Will Barton,2016-17,26,DEN,NBA,3.3,2.5,1.2,15.5,0.2
136,Robert Covington,2016-17,26,PHI,NBA,3.1,0,-1.2,13.2,0.2
137,Tyus Jones,2016-17,20,MIN,NBA,1.5,1,-0.6,13.8,0.2
138,Cody Zeller,2016-17,24,CHO,NBA,5.6,3.4,-0.9,16.7,0.2
139,Jerian Grant,2016-17,24,CHI,NBA,2.5,1.4,-1.3,13.2,0.1
140,Serge Ibaka,2016-17,27,TOT,NBA,5.1,2.5,0.4,16.4,0.1
141,Ersan İlyasova,2016-17,29,TOT,NBA,4.1,1.8,0.4,14.6,0.1
142,Zach LaVine,2016-17,21,MIN,NBA,3,2.6,1.5,14.6,0.1
143,Patrick Patterson,2016-17,27,TOR,NBA,3.3,1.7,0,10.8,0.1
144,DeMarre Carroll,2016-17,30,TOR,NBA,3.8,1.7,-0.4,11.9,0
145,Kyle Korver,2016-17,35,TOT,NBA,3.7,2.3,0.5,12.1,0
146,Dennis Schröder,2016-17,23,ATL,NBA,3.7,1.2,1.1,16.1,0
147,Marvin Williams,2016-17,30,CHO,NBA,5,2.4,-0.1,13.7,0
148,Darrell Arthur,2016-17,28,DEN,NBA,1.1,0.6,0.1,12.8,-0.1
149,Gorgui Dieng,2016-17,27,MIN,NBA,5.7,3.2,-0.8,14.2,-0.1
150,Wayne Ellington,2016-17,29,MIA,NBA,3.3,2.1,0.8,12.6,-0.1
151,Derrick Favors,2016-17,25,UTA,NBA,2.7,0.5,-1.2,15.8,-0.1
152,Eric Gordon,2016-17,28,HOU,NBA,3.8,2.5,1.3,13.2,-0.1
153,Juan Hernangómez,2016-17,21,DEN,NBA,1.8,1.2,0.1,13.4,-0.1
154,Jon Leuer,2016-17,27,DET,NBA,4.5,2.5,-0.4,14.2,-0.1
155,Raul Neto,2016-17,24,UTA,NBA,0.7,0.2,-3.5,10.7,-0.1
156,Dion Waiters,2016-17,25,MIA,NBA,1.6,0.2,0.3,14.5,-0.1
157,Nick Young,2016-17,31,LAL,NBA,3.2,3,1.7,14.1,-0.1
158,Steven Adams,2016-17,23,OKC,NBA,6.5,3.3,-0.2,16.5,-0.2
159,Kentavious Caldwell-Pope,2016-17,23,DET,NBA,4.5,2,-0.6,12.8,-0.2
160,Nick Collison,2016-17,36,OKC,NBA,0.4,0.3,-1.3,12.9,-0.2
161,Sam Dekker,2016-17,22,HOU,NBA,3.1,1.9,0.3,13.1,-0.2
162,Luc Mbah a Moute,2016-17,30,LAC,NBA,3.1,1.3,-1.6,10.2,-0.2
163,Terrence Ross,2016-17,25,TOT,NBA,3.5,1.5,-0.3,13.4,-0.2
164,Willy Hernangómez,2016-17,22,NYK,NBA,3.4,1.8,0.3,19,-0.3
165,Justin Holiday,2016-17,27,NYK,NBA,2.5,1.3,-0.5,12.7,-0.3
166,James Jones,2016-17,36,CLE,NBA,0.8,0.6,-0.1,11.1,-0.3
167,Khris Middleton,2016-17,25,MIL,NBA,1.6,0.7,-0.4,15,-0.3
168,Glenn Robinson,2016-17,23,IND,NBA,2.5,1.3,-0.5,11.5,-0.3
169,P.J. Tucker,2016-17,31,TOT,NBA,3.6,1.4,-1.5,10.5,-0.3
170,Ryan Anderson,2016-17,28,HOU,NBA,5.2,4,1.7,13.5,-0.4
171,Malcolm Brogdon,2016-17,24,MIL,NBA,4.1,2.6,0,14.9,-0.4
172,Devin Harris,2016-17,33,DAL,NBA,2.2,1.1,-1,13.8,-0.4
173,Shabazz Napier,2016-17,25,POR,NBA,0.6,0.1,-0.8,13.6,-0.4
174,Joakim Noah,2016-17,31,NYK,NBA,2.2,1,-0.9,15.2,-0.5
175,Victor Oladipo,2016-17,24,OKC,NBA,4,1.7,-0.3,13.6,-0.5
176,Norman Powell,2016-17,23,TOR,NBA,2.8,1.4,-0.6,14,-0.5
177,Zach Randolph,2016-17,35,MEM,NBA,3.2,0.8,1,18.5,-0.5
178,Rajon Rondo,2016-17,30,CHI,NBA,2.3,-0.4,-1.6,13.6,-0.5
179,Malik Beasley,2016-17,20,DEN,NBA,0.2,0.1,-0.4,13.7,-0.6
180,Trevor Booker,2016-17,29,BRK,NBA,3.1,1,-0.9,15.7,-0.6
181,Avery Bradley,2016-17,26,BOS,NBA,3.1,1.1,0,14.4,-0.6
182,Maurice Harkless,2016-17,23,POR,NBA,4.2,2.3,-0.8,13.1,-0.6
183,Terrence Jones,2016-17,25,TOT,NBA,2.3,0.4,-1,16.1,-0.6
184,T.J. Warren,2016-17,23,PHO,NBA,4.1,3,0.1,15.6,-0.6
185,Cristiano Felício,2016-17,24,CHI,NBA,3.4,2.1,-0.6,15.3,-0.7
186,Michael Kidd-Gilchrist,2016-17,23,CHO,NBA,5.8,2.7,-1.6,14.3,-0.7
187,Salah Mejri,2016-17,30,DAL,NBA,3,1.3,-3,14.8,-0.7
188,Tristan Thompson,2016-17,25,CLE,NBA,7.3,5,0,15.3,-0.7
189,Cole Aldrich,2016-17,28,MIN,NBA,1.3,0.6,-2.3,12.7,-0.8
190,Harrison Barnes,2016-17,24,DAL,NBA,4.6,2.5,0.4,16.3,-0.8
191,Michael Beasley,2016-17,28,MIL,NBA,1.8,0.8,0,17.8,-0.8
192,Pat Connaughton,2016-17,24,POR,NBA,0.6,0.4,-0.4,11.8,-0.8
193,Marcin Gortat,2016-17,32,WAS,NBA,6.8,3.9,-0.3,15.4,-0.8
194,JaMychal Green,2016-17,26,MEM,NBA,5.8,3.2,-0.9,13.5,-0.8
195,Justin Hamilton,2016-17,26,BRK,NBA,2.1,1,-0.5,13.6,-0.8
196,Wesley Matthews,2016-17,30,DAL,NBA,3.1,1,-0.8,11.9,-0.8
197,D'Angelo Russell,2016-17,20,LAL,NBA,1.3,0.3,0.7,15.3,-0.8
198,Garrett Temple,2016-17,30,SAC,NBA,2.2,0.9,-1.5,11.2,-0.8
199,Reggie Williams,2016-17,30,NOP,NBA,0.2,0.1,-0.4,11.7,-0.8
200,Darren Collison,2016-17,29,SAC,NBA,3.9,3.1,0.3,15.3,-0.9
201,Rodney Hood,2016-17,24,UTA,NBA,2.6,0.7,-0.6,12.4,-0.9
202,Courtney Lee,2016-17,31,NYK,NBA,4.2,3.1,-0.7,12.2,-0.9
203,Jusuf Nurkić,2016-17,22,TOT,NBA,2,0.2,-1.4,17.5,-0.9
204,Julius Randle,2016-17,22,LAL,NBA,3.5,2,-0.6,16.3,-0.9
205,Willie Reed,2016-17,26,MIA,NBA,3.6,2.1,-0.9,17.1,-0.9
206,Jason Terry,2016-17,39,MIL,NBA,2.1,1.2,-1.4,9.1,-0.9
207,Tony Allen,2016-17,35,MEM,NBA,3.1,0.2,-2,13.3,-1
208,Kent Bazemore,2016-17,27,ATL,NBA,2.1,-0.6,-2.1,11.5,-1
209,Willie Cauley-Stein,2016-17,23,SAC,NBA,2.9,1.4,-1.2,16.3,-1
210,Wilson Chandler,2016-17,29,DEN,NBA,3.5,2.4,0.5,14.9,-1
211,Spencer Dinwiddie,2016-17,23,BRK,NBA,2.8,1.9,-1.3,12.7,-1
212,Jared Dudley,2016-17,31,PHO,NBA,1.8,1.1,-1.1,10.6,-1
213,Aaron Gordon,2016-17,21,ORL,NBA,3.7,2,-0.3,14.5,-1
214,Treveon Graham,2016-17,23,CHO,NBA,0.4,0.3,-1.8,10.6,-1
215,Reggie Jackson,2016-17,26,DET,NBA,1.9,0.8,0.4,14.9,-1
216,Ty Lawson,2016-17,29,SAC,NBA,3.2,2.2,-0.2,15.4,-1
217,T.J. McConnell,2016-17,24,PHI,NBA,3.8,1.4,-2,13.7,-1
218,Andre Roberson,2016-17,25,OKC,NBA,4.2,1.1,-2.5,9.6,-1
219,Derrick Rose,2016-17,28,NYK,NBA,3,2.4,1,17,-1
220,Anthony Tolliver,2016-17,31,SAC,NBA,2.3,1.5,-0.1,11.1,-1
221,Al-Farouq Aminu,2016-17,26,POR,NBA,1.9,-0.1,-1.4,11.3,-1.1
222,Marco Belinelli,2016-17,30,CHO,NBA,3.2,2,-0.6,13.3,-1.1
223,Yogi Ferrell,2016-17,23,TOT,NBA,1.8,0.8,-0.9,13.1,-1.1
224,Caris LeVert,2016-17,22,BRK,NBA,1.8,0.8,-1.3,12.3,-1.1
225,Marcus Morris,2016-17,27,DET,NBA,3.9,1.4,-0.8,12.4,-1.1
226,Josh Richardson,2016-17,23,MIA,NBA,2.2,0.3,-2,10.7,-1.1
227,James Ennis,2016-17,26,MEM,NBA,3.1,1.4,-1.9,10.6,-1.2
228,Frank Kaminsky,2016-17,23,CHO,NBA,2.3,0.4,-0.5,13,-1.2
229,Justin Anderson,2016-17,23,TOT,NBA,1.9,0.6,-0.9,13.9,-1.3
230,Allen Crabbe,2016-17,24,POR,NBA,4.2,3.1,-0.7,11.6,-1.3
231,Raymond Felton,2016-17,32,LAC,NBA,1.9,0.2,-2,10.9,-1.3
232,Evan Fournier,2016-17,24,ORL,NBA,2.8,1.7,-0.2,13.9,-1.3
233,Jerami Grant,2016-17,22,TOT,NBA,2.9,1.1,-2.1,10.1,-1.3
234,Rondae Hollis-Jefferson,2016-17,22,BRK,NBA,2.6,0.4,-2.2,13.7,-1.3
235,Cory Joseph,2016-17,25,TOR,NBA,3.4,1.7,-0.9,13.2,-1.3
236,Marcus Smart,2016-17,22,BOS,NBA,3.2,0.5,-1.9,12,-1.3
237,Alan Williams,2016-17,24,PHO,NBA,2.1,1.1,-0.8,19.5,-1.3
238,James Young,2016-17,21,BOS,NBA,0.3,0.1,-1.7,10,-1.3
239,Matt Barnes,2016-17,36,TOT,NBA,2,0.3,-1.7,10.3,-1.4
240,Anthony Bennett,2016-17,23,BRK,NBA,0.5,0.3,0.5,14.7,-1.4
241,Mike Dunleavy,2016-17,36,TOT,NBA,1.5,0.8,-1.3,10.1,-1.4
242,Jarrett Jack,2016-17,33,NOP,NBA,0,0,-4.8,7.7,-1.4
243,Al Jefferson,2016-17,32,IND,NBA,2.3,1.2,-0.3,18.9,-1.4
244,Ian Mahinmi,2016-17,30,WAS,NBA,1.4,0.5,-3,14.1,-1.4
245,Terry Rozier,2016-17,22,BOS,NBA,1.4,0,-1.6,10.9,-1.4
246,Ian Clark,2016-17,25,GSW,NBA,2.3,1,-1,13.1,-1.5
247,Toney Douglas,2016-17,30,MEM,NBA,0.5,0,-3.2,10.6,-1.5
248,Taj Gibson,2016-17,31,TOT,NBA,4,1.6,-1.1,15,-1.5
249,Mike Miller,2016-17,36,DEN,NBA,0.1,0,-2,7.6,-1.5
250,Markieff Morris,2016-17,27,WAS,NBA,4.1,1.6,-1.4,13.7,-1.5
251,Chinanu Onuaku,2016-17,20,HOU,NBA,0.1,0.1,-2.8,12.3,-1.5
252,Bobby Portis,2016-17,21,CHI,NBA,2.4,1.1,-0.6,14.9,-1.5
253,Álex Abrines,2016-17,23,OKC,NBA,2.1,1.2,-1.3,10.1,-1.6
254,Nemanja Bjelica,2016-17,28,MIN,NBA,1.5,0.6,-1.8,11,-1.6
255,Nicolás Brussino,2016-17,23,DAL,NBA,0.6,0,-1.7,10.7,-1.6
256,Dante Cunningham,2016-17,29,NOP,NBA,3,1.4,-1.9,10.2,-1.6
257,John Henson,2016-17,26,MIL,NBA,2.7,1.2,-2.3,15.3,-1.6
258,Josh McRoberts,2016-17,29,MIA,NBA,0.3,-0.1,-1.9,9.8,-1.6
259,E'Twaun Moore,2016-17,27,NOP,NBA,2.7,1.2,-1.7,12.1,-1.6
260,Lavoy Allen,2016-17,27,IND,NBA,1.7,0.9,-1.5,11.6,-1.7
261,Kevon Looney,2016-17,20,GSW,NBA,1.4,0.7,-2.4,13.6,-1.7
262,Chasson Randle,2016-17,23,TOT,NBA,0.7,0.5,-1.1,13.6,-1.7
263,Tony Snell,2016-17,25,MIL,NBA,3.4,2.1,-1,9.7,-1.7
264,Andrew Wiggins,2016-17,21,MIN,NBA,4.2,3.3,0.7,16.5,-1.7
265,Ivica Zubac,2016-17,19,LAL,NBA,1.1,0.6,-1.2,17,-1.7
266,Troy Daniels,2016-17,25,MEM,NBA,1.3,0.5,0.2,10.4,-1.8
267,James Michael McAdoo,2016-17,24,GSW,NBA,1.1,0.3,-2.7,13.1,-1.8
268,Jodie Meeks,2016-17,29,ORL,NBA,1.1,0.5,-1.3,13.1,-1.8
269,Jason Smith,2016-17,30,WAS,NBA,2.3,1,-2.1,13.6,-1.8
270,Taurean Waller-Prince,2016-17,22,ATL,NBA,1.1,-0.4,-3.5,9.8,-1.8
271,Deron Williams,2016-17,32,TOT,NBA,2.4,1.5,0,14,-1.8
272,Devin Booker,2016-17,20,PHO,NBA,2,1.3,0.3,14.6,-1.9
273,Mindaugas Kuzminskas,2016-17,27,NYK,NBA,1.2,0.8,-0.6,12.4,-1.9
274,Rodney McGruder,2016-17,25,MIA,NBA,2.9,1.2,-1.8,9.1,-1.9
275,Luke Babbitt,2016-17,27,MIA,NBA,1.8,0.8,-2,8.3,-2
276,Buddy Hield,2016-17,24,TOT,NBA,1.3,0,-0.6,11.8,-2
277,Kris Humphries,2016-17,31,ATL,NBA,1.6,0.6,-2,13.6,-2
278,Brice Johnson,2016-17,22,LAC,NBA,0,-0.1,-6.6,17.2,-2
279,Wesley Johnson,2016-17,29,LAC,NBA,0.9,-0.3,-3.1,8.4,-2
280,Thon Maker,2016-17,19,MIL,NBA,1.3,0.8,-1.1,14,-2
281,Jamal Murray,2016-17,19,DEN,NBA,1.3,0.6,-0.6,11.9,-2
282,Jameer Nelson,2016-17,34,DEN,NBA,2.8,2.3,-0.8,11.5,-2
283,Quincy Acy,2016-17,26,TOT,NBA,0.9,0.5,-1.5,11.8,-2.1
284,Joel Anthony,2016-17,34,SAS,NBA,0.4,0.1,-3.5,11.6,-2.1
285,Jamal Crawford,2016-17,36,LAC,NBA,1.9,0.5,-0.8,12,-2.1
286,Luol Deng,2016-17,31,LAL,NBA,0.9,0.1,-1.4,10.1,-2.1
287,Thomas Robinson,2016-17,25,LAL,NBA,0.9,0.3,-1.1,17.3,-2.1
288,J.R. Smith,2016-17,31,CLE,NBA,0.8,0.1,-1.8,8.1,-2.1
289,Fred VanVleet,2016-17,22,TOR,NBA,0.2,-0.1,-3.6,10.5,-2.1
290,Bojan Bogdanović,2016-17,27,TOT,NBA,2.9,2,-0.1,13.5,-2.2
291,Marquese Chriss,2016-17,19,PHO,NBA,1.8,0.3,-2.2,12.3,-2.2
292,Joffrey Lauvergne,2016-17,25,TOT,NBA,1.5,0.4,-1.5,12.6,-2.2
293,DeAndre Liggins,2016-17,28,TOT,NBA,0.5,-0.4,-4.5,7.5,-2.2
294,Robin Lopez,2016-17,28,CHI,NBA,4.3,1.8,-1.4,14.4,-2.2
295,Trey Lyles,2016-17,21,UTA,NBA,0.8,-0.9,-2.2,9.9,-2.2
296,David Nwaba,2016-17,24,LAL,NBA,0.8,0.6,-2.1,12.2,-2.2
297,Austin Rivers,2016-17,24,LAC,NBA,2.5,1.2,-1.2,11.4,-2.2
298,Jarrod Uthoff,2016-17,23,DAL,NBA,0.2,0.1,-1.6,13.9,-2.2
299,Alec Burks,2016-17,25,UTA,NBA,0.8,-0.1,-2.2,11.6,-2.3
300,Langston Galloway,2016-17,25,TOT,NBA,1.3,0.2,-1.5,10.4,-2.3
301,Roy Hibbert,2016-17,30,TOT,NBA,1.8,1,-3.2,13.5,-2.3
302,Derrick Jones,2016-17,19,PHO,NBA,1.1,0.9,-1.6,12,-2.3
303,Sean Kilpatrick,2016-17,27,BRK,NBA,1.4,0.4,-0.9,13.1,-2.3
304,Skal Labissière,2016-17,20,SAC,NBA,1.3,0.7,-0.9,16.8,-2.3
305,Alex Len,2016-17,23,PHO,NBA,3,1.2,-2.4,15,-2.3
306,Sheldon Mac,2016-17,24,WAS,NBA,0.5,0.3,-2.2,10.1,-2.3
307,Shelvin Mack,2016-17,26,UTA,NBA,1.4,-0.1,-2.5,10.9,-2.3
308,K.J. McDaniels,2016-17,23,TOT,NBA,0.5,0,-2.5,11.5,-2.3
309,Doug McDermott,2016-17,25,TOT,NBA,2.6,1.6,-0.9,10.7,-2.3
310,Anthony Morrow,2016-17,31,TOT,NBA,1.2,0.7,-1.8,10.1,-2.3
311,Adreian Payne,2016-17,25,MIN,NBA,0.2,0,-3.8,14.4,-2.3
312,Dario Šarić,2016-17,22,PHI,NBA,1,-1.2,-1.3,12.8,-2.3
313,Iman Shumpert,2016-17,26,CLE,NBA,2,0.7,-2.3,9,-2.3
314,Jarell Eddie,2016-17,25,PHO,NBA,0.1,0.1,-0.8,9.7,-2.4
315,Kay Felder,2016-17,21,CLE,NBA,0.1,-0.3,-3.1,11.4,-2.4
316,Brandon Jennings,2016-17,27,TOT,NBA,1.7,0.7,-1.2,12.1,-2.4
317,Jonas Jerebko,2016-17,29,BOS,NBA,2.1,0.8,-2.3,9.3,-2.4
318,Patrick McCaw,2016-17,21,GSW,NBA,1.7,0.5,-2.4,8.6,-2.4
319,Shabazz Muhammad,2016-17,24,MIN,NBA,2.7,2.5,0.5,14.9,-2.4
320,Johnny O'Bryant,2016-17,23,TOT,NBA,0.1,0.1,-0.5,14.9,-2.4
321,Tomáš Satoranský,2016-17,25,WAS,NBA,0.6,0.1,-3.1,8.5,-2.4
322,Ramon Sessions,2016-17,30,CHO,NBA,0.9,0.3,-2,12.4,-2.4
323,Pascal Siakam,2016-17,22,TOR,NBA,1.6,0.4,-3,11.5,-2.4
324,Marcus Thornton,2016-17,29,WAS,NBA,0.5,0.1,-1.7,10.4,-2.4
325,Tyler Ulis,2016-17,21,PHO,NBA,0.7,0.3,-0.9,13,-2.4
326,Tyler Zeller,2016-17,27,BOS,NBA,1,0.5,-2.2,13,-2.4
327,Chris Andersen,2016-17,38,CLE,NBA,0.2,0.1,-4.7,11.6,-2.5
328,Leandro Barbosa,2016-17,34,PHO,NBA,0.6,0.3,-1.7,11.5,-2.5
329,Jordan Clarkson,2016-17,24,LAL,NBA,1.2,0.5,-0.9,13.2,-2.5
330,Boris Diaw,2016-17,34,UTA,NBA,1.1,-0.1,-2.3,9,-2.5
331,Kosta Koufos,2016-17,27,SAC,NBA,2.6,1.2,-2.1,13.8,-2.5
332,Shaun Livingston,2016-17,31,GSW,NBA,2.6,1.1,-3,10.1,-2.5
333,Jahlil Okafor,2016-17,21,PHI,NBA,1.2,0.1,-1.9,14.8,-2.5
334,Brandon Rush,2016-17,31,MIN,NBA,0.4,0.1,-2,6.6,-2.5
335,Evan Turner,2016-17,28,POR,NBA,1.2,0,-2.3,11.4,-2.5
336,Andrew Bogut,2016-17,32,TOT,NBA,0.7,-0.3,-5.2,9.3,-2.6
337,Dorian Finney-Smith,2016-17,23,DAL,NBA,1.4,-0.1,-3.3,7.7,-2.6
338,Tony Parker,2016-17,34,SAS,NBA,3,1.4,-1.6,13,-2.6
339,Jonathon Simmons,2016-17,27,SAS,NBA,2,-0.1,-3.7,9.9,-2.6
340,Hollis Thompson,2016-17,25,TOT,NBA,0.7,0.1,-2.9,7.9,-2.6
341,Christian Wood,2016-17,21,CHO,NBA,0.3,0.1,-2.3,15.1,-2.6
342,Aron Baynes,2016-17,30,DET,NBA,3,1.4,-3.2,13.1,-2.7
343,Corey Brewer,2016-17,30,TOT,NBA,1.2,0,-3.5,9.1,-2.7
344,Tim Frazier,2016-17,26,NOP,NBA,2.4,1,-2.5,12.4,-2.7
345,Solomon Hill,2016-17,25,NOP,NBA,2.7,0.4,-3.5,8,-2.7
346,Sergio Rodríguez,2016-17,30,PHI,NBA,0.7,-0.3,-1.2,11.1,-2.7
347,Kris Dunn,2016-17,22,MIN,NBA,0.1,-1.2,-4.5,8.1,-2.8
348,Brandon Knight,2016-17,25,PHO,NBA,0.3,0.1,-0.8,12.4,-2.8
349,Maurice Ndour,2016-17,24,NYK,NBA,0.4,0.1,-2.9,11.3,-2.8
350,Tim Quarterman,2016-17,22,POR,NBA,-0.1,-0.1,-2,10.2,-2.8
351,Nik Stauskas,2016-17,23,PHI,NBA,1.4,0.1,-2.1,9,-2.8
352,Monta Ellis,2016-17,31,IND,NBA,1.1,-0.7,-3.1,9.9,-2.9
353,Alex Poythress,2016-17,23,PHI,NBA,0.3,0.2,-0.8,13.2,-2.9
354,Luis Scola,2016-17,36,BRK,NBA,0.8,0.4,-1.8,13.9,-2.9
355,Derrick Williams,2016-17,25,TOT,NBA,1.1,0.4,-1.9,10.6,-2.9
356,D.J. Augustin,2016-17,29,ORL,NBA,1.2,0.7,-1.2,11,-3
357,Trey Burke,2016-17,24,WAS,NBA,0.5,0.3,-1.3,10.8,-3
358,Gerald Green,2016-17,31,BOS,NBA,0.6,0.1,-1,11.9,-3
359,Stanley Johnson,2016-17,20,DET,NBA,0.4,-1.4,-4.4,7.2,-3
360,Quinn Cook,2016-17,23,TOT,NBA,0.2,0.1,-1.6,11.8,-3.1
361,Gerald Henderson,2016-17,29,PHI,NBA,2,1,-2.2,10.8,-3.1
362,Richard Jefferson,2016-17,36,CLE,NBA,2.1,1.3,-2.5,8.3,-3.1
363,Ryan Kelly,2016-17,25,ATL,NBA,0.1,-0.1,-4.6,7.8,-3.1
364,Jakob Poeltl,2016-17,21,TOR,NBA,1.6,0.9,-3,12.2,-3.1
365,Okaro White,2016-17,24,MIA,NBA,0.6,0.1,-3.6,7.5,-3.1
366,Bismack Biyombo,2016-17,24,ORL,NBA,2.9,0.8,-3.4,12.2,-3.2
367,Tarik Black,2016-17,25,LAL,NBA,2.4,1.5,-2.3,15,-3.2
368,José Calderón,2016-17,35,TOT,NBA,0.3,0,-2.6,8.9,-3.2
369,Michael Carter-Williams,2016-17,25,CHI,NBA,0.2,-1,-4.5,9.9,-3.2
370,Omri Casspi,2016-17,28,TOT,NBA,0.5,0.1,-2.6,10,-3.2
371,Tyler Ennis,2016-17,22,TOT,NBA,0.4,0.1,-2.4,10.9,-3.2
372,Emmanuel Mudiay,2016-17,20,DEN,NBA,0.2,-0.4,-1.6,10.9,-3.2
373,Kelly Oubre,2016-17,21,WAS,NBA,2,0.6,-3.2,9.1,-3.2
374,Sasha Vujačić,2016-17,32,NYK,NBA,0.1,-0.1,-2.7,8.6,-3.2
375,Alexis Ajinça,2016-17,28,NOP,NBA,1,0,-4,12.9,-3.3
376,Isaiah Canaan,2016-17,25,CHI,NBA,0.5,0,-3.6,8.1,-3.3
377,Dante Exum,2016-17,21,UTA,NBA,1.2,-0.1,-3.2,8.5,-3.3
378,Meyers Leonard,2016-17,24,POR,NBA,1.4,0.5,-2.6,8.9,-3.3
379,Denzel Valentine,2016-17,23,CHI,NBA,0.6,-0.5,-3.5,7.3,-3.3
380,Andrew Harrison,2016-17,22,MEM,NBA,1.6,0,-4,8.7,-3.4
381,Ronnie Price,2016-17,33,PHO,NBA,0,-0.1,-5.7,5.9,-3.4
382,Kevin Séraphin,2016-17,27,IND,NBA,1,0.4,-2.5,14.4,-3.4
383,DeAndre' Bembry,2016-17,22,ATL,NBA,0.3,-0.1,-3.6,8.8,-3.5
384,Joe Harris,2016-17,25,BRK,NBA,0.8,0.1,-2.6,9,-3.5
385,Lance Thomas,2016-17,28,NYK,NBA,0.9,0.6,-2.4,8.4,-3.5
386,Arron Afflalo,2016-17,31,SAC,NBA,1.4,1.2,-2.1,8.9,-3.6
387,Bobby Brown,2016-17,32,HOU,NBA,0.1,0.1,-0.1,10.8,-3.6
388,Jeff Green,2016-17,30,ORL,NBA,0.7,-0.2,-2.4,10.5,-3.6
389,Chris McCullough,2016-17,21,TOT,NBA,0.1,0.1,-1.2,15.2,-3.6
390,Rashad Vaughn,2016-17,20,MIL,NBA,0,-0.5,-3.2,7.8,-3.6
391,C.J. Watson,2016-17,32,ORL,NBA,0.9,0.2,-3.8,9.3,-3.6
392,Ömer Aşık,2016-17,30,NOP,NBA,1,0.4,-3.6,9.8,-3.7
393,Aaron Brooks,2016-17,32,IND,NBA,0.3,-0.2,-2.4,9.5,-3.7
394,Jaylen Brown,2016-17,20,BOS,NBA,1.5,0.2,-3,10.3,-3.7
395,Cheick Diallo,2016-17,20,NOP,NBA,0.5,0.2,-1.8,16.8,-3.7
396,Jonathan Gibson,2016-17,29,DAL,NBA,-0.1,-0.3,-3.1,9.5,-3.7
397,Jordan McRae,2016-17,25,CLE,NBA,0.2,-0.1,-2.6,9.7,-3.7
398,Briante Weber,2016-17,24,TOT,NBA,0.3,0,-4.5,11,-3.7
399,Georgios Papagiannis,2016-17,19,SAC,NBA,0.4,0.1,-3.1,12.7,-3.8
400,Chandler Parsons,2016-17,28,MEM,NBA,0.2,-0.5,-3.6,7.7,-3.8
401,Mirza Teletović,2016-17,31,MIL,NBA,0.6,-0.1,-1.7,8.8,-3.8
402,Troy Williams,2016-17,22,TOT,NBA,0.4,-0.3,-4.3,9,-3.8
403,Justise Winslow,2016-17,20,MIA,NBA,-0.1,-0.9,-4.6,8.2,-3.8
404,Nicolás Laprovíttola,2016-17,27,SAS,NBA,0.2,0,-3.2,8.4,-3.9
405,Noah Vonleh,2016-17,21,POR,NBA,1.8,0.6,-3,10.8,-3.9
406,Lance Stephenson,2016-17,26,TOT,NBA,0.1,-0.2,-3.4,9.6,-4
407,Ed Davis,2016-17,27,POR,NBA,1.7,1,-3.2,11.5,-4.1
408,Matthew Dellavedova,2016-17,26,MIL,NBA,1.2,0.3,-2.5,9.4,-4.2
409,Ben McLemore,2016-17,23,SAC,NBA,0.4,-0.1,-2.5,9.8,-4.2
410,Brian Roberts,2016-17,31,CHO,NBA,0.2,0,-2.8,9.8,-4.2
411,Anderson Varejão,2016-17,34,GSW,NBA,0.2,0,-4.7,9.4,-4.2
412,Donatas Motiejūnas,2016-17,26,NOP,NBA,0.2,-0.5,-4.5,9.1,-4.3
413,Timofey Mozgov,2016-17,30,LAL,NBA,1.1,0.7,-2.9,12.3,-4.3
414,Kyle Singler,2016-17,28,OKC,NBA,0.3,0,-4.1,5.9,-4.3
415,Tiago Splitter,2016-17,32,PHI,NBA,0.1,0.1,-1.6,15,-4.3
416,Jerryd Bayless,2016-17,28,PHI,NBA,-0.1,-0.1,-2.1,8.7,-4.4
417,Anthony Brown,2016-17,24,TOT,NBA,0,-0.2,-4.5,7.2,-4.4
418,Randy Foye,2016-17,33,BRK,NBA,0.2,-0.6,-3.7,7.3,-4.4
419,Brandon Ingram,2016-17,19,LAL,NBA,-0.3,-1,-3,8.5,-4.4
420,Pierre Jackson,2016-17,25,DAL,NBA,0,0,-2.7,13,-4.4
421,Rodney Stuckey,2016-17,30,IND,NBA,-0.1,-0.5,-3.2,9.5,-4.4
422,Paul Zipser,2016-17,22,CHI,NBA,0.5,-0.3,-4.2,6.9,-4.4
423,Marcus Georges-Hunt,2016-17,22,ORL,NBA,0.1,0.1,-4,10.2,-4.5
424,Damjan Rudež,2016-17,30,ORL,NBA,0.1,-0.1,-4.2,6.3,-4.5
425,Domantas Sabonis,2016-17,20,OKC,NBA,0.8,-1,-4.5,6.9,-4.5
426,Deyonta Davis,2016-17,20,MEM,NBA,0.5,0.1,-5,10.6,-4.6
427,Marcelo Huertas,2016-17,33,LAL,NBA,-0.1,-0.2,-3.3,9.1,-4.6
428,Timothé Luwawu-Cabarrot,2016-17,21,PHI,NBA,0.8,0,-3.9,8.5,-4.6
429,Marshall Plumlee,2016-17,24,NYK,NBA,0.2,0,-3.6,10.9,-4.6
430,Ron Baker,2016-17,23,NYK,NBA,-0.1,-0.6,-4.5,7.5,-4.7
431,Jordan Mickey,2016-17,22,BOS,NBA,0.1,-0.1,-3.9,9.8,-4.7
432,Paul Pierce,2016-17,39,LAC,NBA,0.1,-0.2,-4.7,5.7,-4.7
433,Dahntay Jones,2016-17,36,CLE,NBA,0,0,-0.4,14.7,-4.8
434,Dejounte Murray,2016-17,20,SAS,NBA,0,-0.4,-4.2,9.6,-4.8
435,Malachi Richardson,2016-17,21,SAC,NBA,0.1,0,-3.4,9.6,-4.8
436,Rakeem Christmas,2016-17,25,IND,NBA,0.5,0.3,-4,10.4,-5
437,Mario Hezonja,2016-17,21,ORL,NBA,-0.7,-1.4,-4.1,7.2,-5
438,Miles Plumlee,2016-17,28,TOT,NBA,0.5,-0.1,-5,8.4,-5
439,Dragan Bender,2016-17,19,PHO,NBA,-0.3,-0.7,-4.3,5.3,-5.1
440,Semaj Christon,2016-17,24,OKC,NBA,0.1,-0.7,-4.8,5.7,-5.1
441,Isaiah Whitehead,2016-17,21,BRK,NBA,-0.8,-1.7,-4.3,7.6,-5.1
442,Joe Young,2016-17,24,IND,NBA,-0.1,-0.2,-3.1,11.4,-5.2
443,Udonis Haslem,2016-17,36,MIA,NBA,0.2,0,-6.1,8.8,-5.3
444,Bryn Forbes,2016-17,23,SAS,NBA,0.1,-0.2,-3.9,5.9,-5.4
445,Kyle Wiltjer,2016-17,24,HOU,NBA,0,-0.1,-4.1,6.7,-5.4
446,Wade Baldwin,2016-17,20,MEM,NBA,-0.3,-0.8,-5.8,6.5,-5.5
447,Mike Scott,2016-17,28,ATL,NBA,-0.1,-0.3,-4.7,5.9,-5.5
448,Wayne Selden,2016-17,22,TOT,NBA,0.1,-0.1,-4.6,6.9,-5.5
449,Greivis Vásquez,2016-17,30,BRK,NBA,0,0,-6.4,4.1,-5.5
450,Malcolm Delaney,2016-17,27,ATL,NBA,0.1,-1.2,-5.3,7.5,-5.6
451,Jarell Martin,2016-17,22,MEM,NBA,0.6,-0.2,-5.3,8.7,-5.8
452,Henry Ellenson,2016-17,20,DET,NBA,-0.2,-0.4,-4.1,7.5,-5.9
453,Darrun Hilliard,2016-17,23,DET,NBA,-0.2,-0.6,-5.8,5.9,-6
454,Andrew Nicholson,2016-17,27,TOT,NBA,-0.1,-0.5,-6.1,5.9,-6
455,Alan Anderson,2016-17,34,LAC,NBA,0.1,0,-4.2,5,-6.1
456,Cameron Payne,2016-17,22,TOT,NBA,-0.3,-0.8,-5.2,5.5,-6.1
457,Metta World Peace,2016-17,37,LAL,NBA,-0.2,-0.3,-5.5,6.5,-6.1
458,Axel Toupane,2016-17,24,TOT,NBA,0.1,0,-5.5,6.2,-6.2
459,Jake Layman,2016-17,22,POR,NBA,-0.3,-0.4,-5.2,4.9,-6.4
460,Arinze Onuaku,2016-17,29,ORL,NBA,0,0,-6.1,5.8,-6.4
461,Gary Payton,2016-17,24,MIL,NBA,-0.2,-0.3,-6.3,4.5,-6.5
462,A.J. Hammons,2016-17,24,DAL,NBA,0,-0.2,-6.6,8.4,-6.6
463,Norris Cole,2016-17,28,OKC,NBA,-0.1,-0.2,-7.5,5.4,-6.7
464,Alonzo Gee,2016-17,29,DEN,NBA,-0.1,-0.1,-7.5,3.1,-6.7
465,Jared Sullinger,2016-17,24,TOR,NBA,-0.1,-0.2,-5.1,6,-7.2
466,Isaiah Taylor,2016-17,22,HOU,NBA,0,-0.1,-6.9,0.3,-7.8
467,C.J. Wilcox,2016-17,26,ORL,NBA,-0.2,-0.2,-6.2,2.9,-8.1
468,Stephen Zimmerman,2016-17,20,ORL,NBA,0,-0.1,-6.6,7.3,-8.3
469,Daniel Ochefu,2016-17,23,WAS,NBA,0,-0.1,-7,6.6,-8.4
470,R.J. Hunter,2016-17,23,CHI,NBA,0,0,-7.8,-3.2,-9
471,Mike Tobey,2016-17,22,CHO,NBA,0,0,-6.9,-0.1,-9.5
472,Damian Jones,2016-17,21,GSW,NBA,0,-0.1,-7.7,5.3,-9.7
473,Justin Harper,2016-17,27,PHI,NBA,-0.1,-0.1,-5.1,4.9,-10.3
474,Steve Novak,2016-17,33,MIL,NBA,0,0,-6.3,1.3,-11.2
475,Lamar Patterson,2016-17,25,ATL,NBA,-0.1,-0.2,-10.3,-1.9,-11.4
476,Georges Niang,2016-17,23,IND,NBA,-0.3,-0.4,-8.8,0.1,-11.7
477,Aaron Harrison,2016-17,22,CHO,NBA,-0.1,-0.1,-10.1,-2.2,-11.8
478,Michael Gbinije,2016-17,24,DET,NBA,-0.1,-0.1,-9.2,-2.1,-12.1
479,Jordan Hill,2016-17,29,MIN,NBA,0,-0.1,-7.1,5.5,-12.3
480,Manny Harris,2016-17,27,DAL,NBA,-0.2,-0.2,-8.8,-2.2,-14.8
481,Larry Sanders,2016-17,28,CLE,NBA,0,0,-13.4,6.5,-15
482,Gary Neal,2016-17,32,ATL,NBA,-0.1,-0.1,-10.6,-4.3,-15.9
483,Patricio Garino,2016-17,23,ORL,NBA,-0.2,-0.2,-13.3,-9.2,-17.9
484,Elijah Millsap,2016-17,29,PHO,NBA,-0.1,-0.1,-12,-3.4,-19
485,Diamond Stone,2016-17,19,LAC,NBA,-0.1,-0.1,-14.9,-1.2,-20.8
486,Ben Bentil,2016-17,21,DAL,NBA,-0.1,-0.1,-19.7,-17.6,-25.9
