Player,Season,Team,GP,MP,O-PIPM,D-PIPM,PIPM,Wins Added
Giannis Antetokounmpo,2019,MIL,87,"2,875.40",4.04,3.76,7.8,18.6
Stephen Curry,2019,GSW,93,"3,252.00",6.32,0.68,7,19.2
Joel Embiid,2019,PHI,75,"2,493.20",3.37,3.38,6.76,14.7
Paul George,2019,OKC,82,"3,047.60",3.88,2.25,6.12,16.9
Kevin Durant,2019,GSW,90,"3,157.30",5.56,0.46,6.02,16.9
Anthony Davis,2019,NOP,56,"1,851.60",3.35,2.19,5.54,9.6
James Harden,2019,HOU,89,"3,292.80",6.7,-1.49,5.21,16.1
Jusuf Nurkic,2019,POR,72,"1,974.30",2.25,2.75,5.01,9.6
Damian Lillard,2019,POR,96,"3,490.50",4.84,-0.02,4.82,16.5
Rudy Gobert,2019,UTA,86,"2,731.90",1.03,3.51,4.54,12.7
Nikola Jokic,2019,DEN,94,"3,061.70",3.33,1.17,4.5,13.9
LeBron James,2019,LAL,55,"1,938.80",3.42,1.05,4.47,8.9
Kawhi Leonard,2019,TOR,87,"3,105.80",4.03,0.24,4.27,13.7
Kyle Lowry,2019,TOR,92,"3,238.40",2.92,1.34,4.26,14.3
Draymond Green,2019,GSW,90,"3,000.10",0.89,3.23,4.12,12.9
Brook Lopez,2019,MIL,96,"2,760.90",1.25,2.81,4.06,11.9
Nikola Vucevic,2019,ORL,85,"2,660.00",2.43,1.63,4.06,11.5
Eric Bledsoe,2019,MIL,93,"2,696.90",2.38,1.54,3.92,11.4
Danny Green,2019,TOR,104,"2,902.20",2.28,1.57,3.85,12
Jrue Holiday,2019,NOP,67,"2,404.70",2.92,0.82,3.74,9.8
Pascal Siakam,2019,TOR,105,"3,483.80",1.49,2.12,3.61,14.1
Chris Paul,2019,HOU,69,"2,259.40",1.55,1.81,3.36,8.7
Russell Westbrook,2019,OKC,78,"2,828.80",2.65,0.59,3.24,10.7
Andre Drummond,2019,DET,82,"2,749.30",2.02,1.22,3.24,10.4
Al Horford,2019,BOS,77,"2,285.60",1.84,1.38,3.21,8.6
Kyrie Irving,2019,BOS,76,"2,546.20",3.28,-0.25,3.03,9.3
Mike Conley,2019,MEM,70,"2,341.90",2.75,0.26,3.01,8.7
Paul Millsap,2019,DEN,84,"2,364.50",1.61,1.4,3.01,8.6
Al-Farouq Aminu,2019,POR,97,"2,692.70",1.36,1.29,2.65,9.1
Karl-Anthony Towns,2019,MIN,77,"2,546.80",2.74,-0.15,2.59,8.6
Davis Bertans,2019,SAS,80,"1,693.30",2.12,0.44,2.56,5.6
Victor Oladipo,2019,IND,36,"1,147.00",1.13,1.36,2.49,3.9
Dwight Powell,2019,DAL,77,"1,664.50",2.51,-0.03,2.48,5.5
Hassan Whiteside,2019,MIA,72,"1,676.60",-0.06,2.52,2.46,5.6
Mitchell Robinson,2019,NYK,66,"1,360.40",-0.49,2.89,2.41,4.5
Jimmy Butler,2019,TOT,77,"2,607.90",1.95,0.37,2.33,8.4
Clint Capela,2019,HOU,78,"2,581.80",1.16,1.16,2.31,8.2
Joe Ingles,2019,UTA,87,"2,722.60",0.78,1.52,2.3,8.8
Malcolm Brogdon,2019,MIL,71,"2,032.80",1.88,0.41,2.3,6.5
Kevin Love,2019,CLE,22,598.00,2.04,0.26,2.3,1.9
Khris Middleton,2019,MIL,92,"2,910.30",1.78,0.51,2.29,9.3
Derrick White,2019,SAS,74,"1,918.10",0.36,1.93,2.29,6.1
Steven Adams,2019,OKC,85,"2,831.60",1.09,1.08,2.16,8.8
Ed Davis,2019,BRK,84,"1,489.90",-0.94,3.09,2.15,4.7
Kemba Walker,2019,CHO,82,"2,864.40",3.34,-1.25,2.09,8.7
Danilo Gallinari,2019,LAC,74,"2,275.00",2.54,-0.47,2.07,6.9
Robert Covington,2019,TOT,35,"1,202.60",-0.69,2.75,2.06,3.7
Blake Griffin,2019,DET,77,"2,682.50",2.41,-0.36,2.04,8.1
Marc Gasol,2019,TOT,105,"3,229.90",-0.53,2.56,2.03,9.9
Jayson Tatum,2019,BOS,88,"2,750.70",0.53,1.48,2.01,8.3
Luke Kornet,2019,NYK,45,757.10,0.22,1.78,2,2.3
Bradley Beal,2019,WAS,82,"3,029.30",3.34,-1.35,1.99,9
Shabazz Napier,2019,BRK,59,"1,012.90",1.07,0.86,1.93,3
Donovan Mitchell,2019,UTA,82,"2,793.20",1.23,0.49,1.71,7.9
Maxi Kleber,2019,DAL,71,"1,503.30",-0.16,1.86,1.71,4.2
Nemanja Bjelica,2019,SAC,76,"1,777.50",0.82,0.81,1.63,4.9
Ricky Rubio,2019,UTA,73,"2,067.80",0.74,0.87,1.61,5.7
Willie Cauley-Stein,2019,SAC,80,"2,196.80",0.05,1.54,1.59,6
Derrick Favors,2019,UTA,81,"1,871.90",0.04,1.55,1.59,5.2
Myles Turner,2019,IND,78,"2,246.10",-1.37,2.9,1.53,6.1
Otto Porter,2019,TOT,56,"1,685.10",1.01,0.5,1.52,4.5
Justise Winslow,2019,MIA,66,"1,961.70",-0.16,1.66,1.5,5.3
Domantas Sabonis,2019,IND,78,"1,937.20",0.06,1.39,1.46,5.2
J.J. Barea,2019,DAL,38,753.80,1.58,-0.14,1.44,2
Rudy Gay,2019,SAS,75,"1,995.40",0.23,1.06,1.29,5.1
De'Aaron Fox,2019,SAC,80,"2,529.60",0.83,0.43,1.27,6.4
Maurice Harkless,2019,POR,76,"1,802.80",-0.35,1.61,1.25,4.5
Jamal Murray,2019,DEN,89,"2,958.40",2.15,-0.91,1.24,7.4
Jeremy Lamb,2019,CHO,79,"2,251.00",0.65,0.6,1.24,5.7
Marcus Smart,2019,BOS,82,"2,234.70",0.52,0.71,1.23,5.6
CJ McCollum,2019,POR,86,"3,013.40",2.21,-1,1.21,7.5
Jakob Poltl,2019,SAS,84,"1,451.20",0.11,1.06,1.17,3.6
Joakim Noah,2019,MEM,42,693.20,-0.45,1.59,1.14,1.7
Patrick Beverley,2019,LAC,84,"2,346.30",0.49,0.64,1.13,5.7
Jerami Grant,2019,OKC,84,"2,747.30",-0.32,1.35,1.03,6.5
Luka Doncic,2019,DAL,72,"2,319.00",1.78,-0.75,1.03,5.5
Andre Iguodala,2019,GSW,92,"2,334.30",-0.02,1.04,1.02,5.5
Kelly Olynyk,2019,MIA,79,"1,814.70",0.41,0.61,1.01,4.3
Luol Deng,2019,MIN,22,393.70,0.52,0.49,1.01,0.9
D.J. Augustin,2019,ORL,86,"2,411.40",1.74,-0.77,0.97,5.6
Bam Adebayo,2019,MIA,82,"1,915.10",-0.81,1.77,0.97,4.5
Cory Joseph,2019,IND,86,"2,152.20",-1.03,1.99,0.96,5.1
Larry Nance,2019,CLE,67,"1,798.10",-0.06,1.02,0.96,4.2
Ivica Zubac,2019,TOT,63,"1,078.50",-0.89,1.84,0.94,2.5
Kevon Looney,2019,GSW,103,"1,966.30",0.42,0.5,0.92,4.5
Ben Simmons,2019,PHI,91,"3,124.10",0.68,0.19,0.86,7.1
LaMarcus Aldridge,2019,SAS,87,"2,896.60",0.8,0.05,0.85,6.5
Josh Richardson,2019,MIA,73,"2,542.20",0.2,0.64,0.85,5.8
DeMarcus Cousins,2019,GSW,39,913.40,-1.09,1.92,0.83,2.1
John Collins,2019,ATL,61,"1,830.20",2.52,-1.7,0.82,4.1
George Hill,2019,TOT,74,"1,678.60",-0.16,0.98,0.82,3.8
J.J. Redick,2019,PHI,88,"2,756.70",1.15,-0.35,0.79,6.1
Eric Gordon,2019,HOU,79,"2,572.90",1.94,-1.17,0.77,5.6
Dewayne Dedmon,2019,ATL,64,"1,609.60",-0.22,0.99,0.77,3.6
Aaron Gordon,2019,ORL,83,"2,798.70",-0.19,0.9,0.72,6.1
Nikola Mirotic,2019,TOT,60,"1,545.50",0.92,-0.22,0.7,3.3
Thomas Bryant,2019,WAS,72,"1,498.60",0.34,0.32,0.66,3.2
Cody Zeller,2019,CHO,49,"1,243.70",0.23,0.43,0.66,2.6
Kenneth Faried,2019,TOT,43,784.70,0.9,-0.3,0.61,1.6
Jeff Teague,2019,MIN,42,"1,265.40",1.08,-0.59,0.49,2.6
Lonzo Ball,2019,LAL,47,"1,423.40",-1.23,1.69,0.46,2.9
Jonas Valanciunas,2019,TOT,49,"1,093.20",0.5,-0.06,0.43,2.2
Omri Casspi,2019,MEM,36,521.50,-0.39,0.82,0.43,1
David Nwaba,2019,CLE,51,985.70,-0.17,0.58,0.41,1.9
Daniel Theis,2019,BOS,73,951.70,-0.34,0.74,0.4,1.9
Khem Birch,2019,ORL,55,735.50,-1.08,1.49,0.4,1.5
Thabo Sefolosha,2019,UTA,54,651.20,-1.16,1.56,0.4,1.3
Pau Gasol,2019,TOT,30,360.90,-0.83,1.24,0.4,0.7
DeAndre Jordan,2019,TOT,69,"2,048.60",-1.16,1.54,0.39,4
Gary Harris,2019,DEN,71,"2,159.20",-0.02,0.4,0.38,4.2
Marvin Williams,2019,CHO,75,"2,134.10",0.07,0.29,0.37,4.1
Kyle Kuzma,2019,LAL,70,"2,314.10",0.81,-0.45,0.36,4.5
P.J. Tucker,2019,HOU,93,"3,230.20",-0.56,0.9,0.33,6.2
Robert Williams,2019,BOS,35,296.10,-2.32,2.63,0.32,0.6
Ryan Broekhoff,2019,DAL,40,441.00,0.51,-0.2,0.31,0.8
Jonathan Isaac,2019,ORL,80,"2,133.50",-1.09,1.4,0.3,4.1
Thaddeus Young,2019,IND,85,"2,622.10",-0.03,0.32,0.29,5
Richaun Holmes,2019,PHO,70,"1,185.00",-0.69,0.97,0.29,2.2
Montrezl Harrell,2019,LAC,88,"2,319.20",1.25,-1,0.25,4.3
Kadeem Allen,2019,NYK,18,387.1,0.52,-0.28,0.23,0.7
Brad Wanamaker,2019,BOS,40,360.20,-0.32,0.54,0.23,0.7
Henry Ellenson,2019,TOT,18,238.60,-0.35,0.58,0.23,0.4
Boban Marjanovic,2019,TOT,69,786.50,-0.16,0.39,0.22,1.5
Jalen Jones,2019,CLE,16,214.3,-0.2,0.41,0.22,0.4
Serge Ibaka,2019,TOR,101,"2,575.70",0.05,0.16,0.21,4.7
Salah Mejri,2019,DAL,36,399.90,-0.83,1.04,0.21,0.7
Jemerrio Jones,2019,LAL,6,144.00,-0.5,0.7,0.2,0.3
Michael Carter-Williams,2019,TOT,33,464.90,-1.03,1.2,0.17,0.8
Marcus Morris,2019,BOS,84,"2,346.30",0.6,-0.43,0.16,4.2
Raul Neto,2019,UTA,40,494.30,0.8,-0.64,0.16,0.9
DeMarre Carroll,2019,BRK,72,"1,826.20",0.14,0.01,0.15,3.3
Lauri Markkanen,2019,CHI,52,"1,685.00",0.77,-0.62,0.14,3
Rondae Hollis-Jefferson,2019,BRK,63,"1,298.50",-1.24,1.35,0.11,2.3
Jarrett Allen,2019,BRK,85,"2,208.00",0.02,0.06,0.08,3.9
Tyus Jones,2019,MIN,68,"1,560.00",-0.14,0.22,0.08,2.7
Bruno Caboclo,2019,MEM,34,800.60,0.05,0.03,0.08,1.4
JaKarr Sampson,2019,CHI,4,127.30,-0.04,0.11,0.08,0.2
Darren Collison,2019,IND,80,"2,262.80",0.44,-0.38,0.07,4
Patty Mills,2019,SAS,89,"2,062.50",1.85,-1.79,0.07,3.6
Alan Williams,2019,BRK,5,25.60,-0.02,0.09,0.07,0
D'Angelo Russell,2019,BRK,86,"2,597.60",1.04,-0.98,0.06,4.5
Danuel House,2019,HOU,46,"1,120.70",0.46,-0.4,0.06,2
Amile Jefferson,2019,ORL,12,68.60,0.06,0,0.06,0.1
Dzanan Musa,2019,BRK,11,54.1,-0.15,0.21,0.06,0.1
Tobias Harris,2019,TOT,94,"3,292.80",0.37,-0.33,0.05,5.7
R.J. Hunter,2019,BOS,1,25.80,0.01,0.04,0.05,0
Julius Randle,2019,NOP,73,"2,233.70",1.31,-1.29,0.03,3.8
Tomas Satoransky,2019,WAS,80,"2,165.20",0.21,-0.19,0.03,3.7
Tahjere McCall,2019,BRK,1,8.00,0,0.02,0.03,0
Isaiah Hicks,2019,NYK,2,11.3,-0.02,0.03,0.02,0
Emanuel Terry,2019,TOT,3,22.8,-0.02,0.02,0.01,0
JaVale McGee,2019,LAL,75,"1,673.20",-0.68,0.68,0,2.9
Gary Payton,2019,WAS,3,15.9,-0.03,0.03,0,0
Kostas Antetokounmpo,2019,DAL,2,10.6,-0.03,0.03,0,0
Kobi Simmons,2019,CLE,1,1.8,0,0.01,0,0
Tyler Ulis,2019,CHI,1,0.8,0,0,0,0
John Holland,2019,CLE,1,0.70,0,0,0,0
Alex Len,2019,ATL,77,"1,546.00",-0.32,0.31,-0.01,2.6
Jaron Blossomgame,2019,CLE,27,439.4,-1.17,0.17,-1,0.5
Troy Caupain,2019,ORL,4,15.7,-0.02,0,-0.01,0
Angel Delgado,2019,LAC,2,14.80,-0.08,0.07,-0.01,0
Jordan Sibert,2019,ATL,1,4.20,-0.01,0,-0.01,0
Zach Lofton,2019,DET,1,3.60,-0.01,0.01,-0.01,0
Zhou Qi,2019,HOU,1,1.00,0,0,-0.01,0
Tyler Davis,2019,OKC,1,0.9,-0.01,0,-0.01,0
J.R. Smith,2019,CLE,11,222.5,-0.87,0.85,-0.02,0.4
D.J. Stephens,2019,MEM,1,6.7,-0.02,0,-0.02,0
George King,2019,PHO,1,5.9,-0.01,0,-0.02,0
Kalin Lucas,2019,DET,1,5.60,-0.03,0.02,-0.02,0
Donte Grantham,2019,OKC,3,2.50,-0.01,-0.01,-0.02,0
PJ Dozier,2019,BOS,6,51.10,-0.1,0.08,-0.03,0.1
J.P. Macura,2019,CHO,2,16.8,-0.07,0.04,-0.03,0
Andre Ingram,2019,LAL,4,14.90,-0.06,0.03,-0.03,0
Okaro White,2019,WAS,3,6.20,-0.03,0.01,-0.03,0
Ike Anigbogu,2019,IND,3,6.2,-0.03,-0.01,-0.03,0
Yante Maten,2019,MIA,2,13.00,-0.05,0,-0.04,0
Joe Chealey,2019,CHO,1,7.8,-0.04,0,-0.04,0
Trevon Duval,2019,MIL,3,5.6,-0.02,-0.02,-0.04,0
Terrence Jones,2019,HOU,2,5.1,-0.04,-0.01,-0.05,0
Isaac Bonga,2019,LAL,22,121.10,-0.71,0.66,-0.06,0.2
Ante Zizic,2019,CLE,59,"1,084.00",-0.67,0.6,-0.07,1.8
Quincy Acy,2019,PHO,10,123.20,-0.58,0.51,-0.07,0.2
Billy Garrett,2019,NYK,3,49.90,-0.13,0.06,-0.07,0.1
Mitch Creek,2019,TOT,5,47.40,-0.11,0.04,-0.07,0.1
Davon Reed,2019,IND,10,47.10,-0.08,0.01,-0.07,0.1
Scott Machado,2019,LAL,4,19.20,-0.05,-0.01,-0.07,0
Caris LeVert,2019,BRK,45,"1,208.60",0.44,-0.51,-0.08,2
Goran Dragic,2019,MIA,36,991.30,0.39,-0.47,-0.08,1.6
Alex Caruso,2019,LAL,25,532.90,-0.58,0.5,-0.08,0.9
DeVaughn Akoon-Purcell,2019,DEN,7,21.70,-0.08,-0.01,-0.08,0
Ersan Ilyasova,2019,MIL,81,"1,480.70",-0.42,0.33,-0.09,2.4
Tyler Zeller,2019,TOT,6,93.3,-0.01,-0.08,-0.09,0.2
Dusty Hannahs,2019,MEM,2,26,-0.08,-0.01,-0.09,0
Vince Edwards,2019,HOU,2,15.70,-0.07,-0.03,-0.09,0
Derrick Rose,2019,MIN,51,"1,393.40",1.51,-1.62,-0.11,2.3
Frank Kaminsky,2019,CHO,47,755.6,0.64,-0.76,-0.11,1.2
Kyle O'Quinn,2019,IND,46,372.9,-1.06,0.95,-0.11,0.6
Justin Patton,2019,PHI,3,20.70,-0.1,-0.02,-0.12,0
T.J. Leaf,2019,IND,59,532.60,-0.28,0.16,-0.13,0.9
Reggie Jackson,2019,DET,85,"2,373.90",1.07,-1.21,-0.14,3.8
Thomas Welsh,2019,DEN,11,36.7,-0.13,0,-0.14,0.1
Donatas Motiejunas,2019,SAS,8,31.40,-0.14,0,-0.14,0.1
Furkan Korkmaz,2019,PHI,51,698.4,0.16,-0.31,-0.15,1.1
Luc Mbah a Moute,2019,LAC,4,61.3,-0.22,0.06,-0.15,0.1
Melvin Frazier,2019,ORL,13,59.1,-0.31,0.16,-0.15,0.1
Corey Brewer,2019,TOT,30,468.90,-1.05,0.89,-0.16,0.8
Devin Robinson,2019,WAS,7,94.70,-0.24,0.07,-0.16,0.2
Ekpe Udoh,2019,UTA,53,326.4,-0.48,0.32,-0.17,0.5
Jaylen Morris,2019,MIL,4,28.5,-0.15,-0.02,-0.17,0.1
Haywood Highsmith,2019,PHI,4,24.9,-0.12,-0.05,-0.17,0
Ray Spalding,2019,TOT,14,148,-0.67,0.5,-0.18,0.2
B.J. Johnson,2019,ATL,6,43.4,-0.18,0,-0.18,0.1
Demetrius Jackson,2019,PHI,6,39.5,-0.11,-0.07,-0.18,0.1
Lou Williams,2019,LAC,81,"2,172.00",2.76,-2.95,-0.19,3.4
Theo Pinson,2019,BRK,21,233.70,-1.2,1,-0.2,0.4
Jarred Vanderbilt,2019,DEN,20,74.40,-0.46,0.26,-0.2,0.1
Kyle Korver,2019,TOT,74,"1,366.70",-0.11,-0.1,-0.21,2.1
Aaron Holiday,2019,IND,53,661.3,-0.35,0.15,-0.21,1
Brandon Goodwin,2019,DEN,16,57.40,-0.19,-0.04,-0.23,0.1
Walt Lemon,2019,CHI,6,167.40,-0.43,0.18,-0.25,0.3
Nick Young,2019,DEN,4,37.1,-0.22,-0.03,-0.25,0.1
Buddy Hield,2019,SAC,81,"2,601.70",1.08,-1.34,-0.26,4
Chris Chiozza,2019,HOU,7,32.70,-0.21,-0.05,-0.26,0.1
Daryl Macon,2019,DAL,8,90.00,-0.36,0.1,-0.27,0.1
Isaac Humphries,2019,ATL,5,56.50,-0.3,0.02,-0.28,0.1
Noah Vonleh,2019,NYK,68,"1,723.20",-0.68,0.39,-0.29,2.6
Deyonta Davis,2019,ATL,9,118.90,-0.62,0.32,-0.3,0.2
Kyle Anderson,2019,MEM,43,"1,281.80",-2.1,1.78,-0.31,1.9
Rawle Alkins,2019,CHI,9,101.3,-0.3,-0.01,-0.31,0.2
Rodions Kurucs,2019,BRK,67,"1,363.00",-1.04,0.72,-0.32,2
John Wall,2019,WAS,32,"1,104.50",0.25,-0.56,-0.32,1.7
Gorgui Dieng,2019,MIN,76,"1,032.70",-1.07,0.75,-0.32,1.5
Milos Teodosic,2019,LAC,15,150.80,-0.28,-0.05,-0.33,0.2
Alize Johnson,2019,IND,14,64.60,-0.16,-0.17,-0.33,0.1
Tony Bradley,2019,UTA,3,35.90,-0.13,-0.2,-0.33,0.1
Kevin Huerter,2019,ATL,75,"2,049.30",0.4,-0.74,-0.34,3
Zhaire Smith,2019,PHI,8,116.3,-0.27,-0.07,-0.34,0.2
Johnathan Williams,2019,LAL,24,372.2,-0.33,-0.03,-0.36,0.5
Jimmer Fredette,2019,PHO,6,65.50,-0.34,-0.01,-0.36,0.1
Trey Burke,2019,TOT,57,"1,113.90",0.88,-1.25,-0.37,1.6
Jaren Jackson,2019,MEM,58,"1,517.30",-2.08,1.7,-0.38,2.2
Drew Eubanks,2019,SAS,22,111.00,-0.6,0.21,-0.39,0.2
Gordon Hayward,2019,BOS,81,"2,134.20",0.02,-0.43,-0.41,3.1
Nene Hilario,2019,HOU,49,600.50,-1.2,0.78,-0.41,0.9
Josh Hart,2019,LAL,67,"1,717.20",-1.94,1.52,-0.42,2.4
Nicolas Batum,2019,CHO,75,"2,355.20",-0.73,0.31,-0.43,3.4
Tyson Chandler,2019,TOT,55,876.30,-2.4,1.94,-0.46,1.2
Yuta Watanabe,2019,MEM,15,174.60,-0.49,0.04,-0.46,0.2
Tyler Cavanaugh,2019,UTA,11,39.5,-0.24,-0.24,-0.48,0.1
Taj Gibson,2019,MIN,70,"1,687.70",-0.28,-0.23,-0.51,2.3
Derrick Jones,2019,MIA,60,"1,154.90",-1.34,0.83,-0.51,1.6
Udonis Haslem,2019,MIA,10,74.80,-0.52,0.01,-0.51,0.1
Jared Dudley,2019,BRK,63,"1,303.40",-0.97,0.44,-0.52,1.8
Elfrid Payton,2019,NOP,42,"1,250.90",0.15,-0.67,-0.52,1.7
Ian Mahinmi,2019,WAS,34,498.60,-2.55,2.02,-0.52,0.7
DeMar DeRozan,2019,SAS,83,"2,906.70",-0.01,-0.52,-0.53,3.9
Mikal Bridges,2019,PHO,81,"2,430.10",-0.77,0.24,-0.53,3.3
Justin Anderson,2019,ATL,48,464.40,-1.13,0.6,-0.53,0.6
Dwight Howard,2019,WAS,9,229.10,-1.03,0.5,-0.53,0.3
Ben McLemore,2019,SAC,19,158.1,-0.4,-0.14,-0.54,0.2
Klay Thompson,2019,GSW,101,"3,571.40",1.01,-1.56,-0.56,4.8
De'Anthony Melton,2019,PHO,50,984.3,-1.4,0.83,-0.56,1.3
Andrew Harrison,2019,TOT,17,186.00,-0.71,0.16,-0.56,0.3
Jarell Martin,2019,ORL,45,346.6,-1.43,0.86,-0.57,0.5
Ron Baker,2019,TOT,15,152.6,-1.3,0.74,-0.57,0.2
Devin Harris,2019,DAL,67,"1,039.40",-0.27,-0.31,-0.58,1.4
Miles Plumlee,2019,ATL,18,173.50,-0.48,-0.11,-0.58,0.2
Jawun Evans,2019,TOT,8,64.50,-0.55,-0.03,-0.58,0.1
Jae Crowder,2019,UTA,85,"2,300.60",0.51,-1.1,-0.59,3
Michael Kidd-Gilchrist,2019,CHO,64,"1,180.60",-1.66,1.07,-0.59,1.5
Dorian Finney-Smith,2019,DAL,80,"1,962.50",-0.82,0.23,-0.6,2.6
Bogdan Bogdanovic,2019,SAC,69,"1,922.90",0.14,-0.74,-0.6,2.5
Dirk Nowitzki,2019,DAL,51,797.00,-0.45,-0.15,-0.6,1
Mason Plumlee,2019,DEN,96,"1,952.20",-1.42,0.81,-0.62,2.5
Tyler Lydon,2019,DEN,25,94.00,-0.5,-0.12,-0.62,0.1
Fred VanVleet,2019,TOR,91,"2,444.10",-0.51,-0.14,-0.65,3.1
Mike Muscala,2019,TOT,64,"1,308.90",-0.72,0.07,-0.65,1.7
Aron Baynes,2019,BOS,60,937.10,-1.71,1.05,-0.65,1.2
Jordan Loyd,2019,TOR,12,55.00,-0.43,-0.22,-0.65,0.1
Ryan Arcidiacono,2019,CHI,80,"1,932.70",-0.58,-0.09,-0.67,2.4
Pat Connaughton,2019,MIL,76,"1,587.00",-0.31,-0.36,-0.67,2
Josh Okogie,2019,MIN,74,"1,758.10",-0.98,0.3,-0.68,2.2
Evan Fournier,2019,ORL,86,"2,729.30",0.52,-1.2,-0.69,3.4
Jordan McRae,2019,WAS,27,334.10,-0.69,-0.01,-0.69,0.4
Johnathan Motley,2019,LAC,22,156.40,-0.76,0.07,-0.7,0.2
Marcus Derrickson,2019,GSW,11,67.70,-0.48,-0.23,-0.71,0.1
Tyreke Evans,2019,IND,73,"1,488.80",-1.19,0.47,-0.72,1.8
Ish Smith,2019,DET,60,"1,333.90",-0.38,-0.34,-0.72,1.6
Troy Brown,2019,WAS,52,732.7,-0.49,-0.26,-0.74,0.9
James Nunnally,2019,TOT,15,101.6,-0.22,-0.53,-0.75,0.1
Bobby Portis,2019,TOT,50,"1,299.30",0.49,-1.26,-0.76,1.6
Treveon Graham,2019,BRK,40,794.4,-0.89,0.12,-0.77,1
Royce O'Neale,2019,UTA,87,"1,808.90",-2.03,1.25,-0.78,2.1
Monte Morris,2019,DEN,96,"2,198.80",-0.29,-0.5,-0.79,2.6
Torrey Craig,2019,DEN,89,"1,836.60",-0.31,-0.49,-0.8,2.2
Cheick Diallo,2019,NOP,64,897.50,-1.3,0.5,-0.8,1.1
Jordan Clarkson,2019,CLE,81,"2,218.00",1.27,-2.1,-0.83,2.6
Quincy Pondexter,2019,SAS,58,304.1,-1.5,0.66,-0.83,0.4
Gary Trent,2019,POR,15,110.40,-0.47,-0.36,-0.83,0.1
Bojan Bogdanovic,2019,IND,85,"2,722.20",0.36,-1.2,-0.84,3.1
Gerald Green,2019,HOU,84,"1,572.70",0.87,-1.71,-0.84,1.9
Christian Wood,2019,TOT,21,251.30,-0.6,-0.24,-0.84,0.3
John Henson,2019,MIL,14,188.30,-0.81,-0.04,-0.85,0.2
Isaiah Hartenstein,2019,HOU,30,225.00,-1.28,0.42,-0.86,0.3
Terrence Ross,2019,ORL,86,"2,299.80",-0.96,0.06,-0.89,2.5
Gary Clark,2019,HOU,53,646.60,-0.73,-0.16,-0.89,0.7
Yogi Ferrell,2019,SAC,70,"1,040.50",-0.29,-0.62,-0.91,1.2
Courtney Lee,2019,TOT,34,428.30,-1.08,0.17,-0.91,0.5
Lonnie Walker,2019,SAS,23,140.20,-0.98,0.06,-0.92,0.2
Bonzie Colson,2019,MIL,8,98.80,-0.47,-0.46,-0.92,0.1
Chris Boucher,2019,TOR,30,167.50,-1,0.07,-0.93,0.2
Dion Waiters,2019,MIA,44,"1,138.70",-0.26,-0.67,-0.94,1.2
Landry Shamet,2019,TOT,85,"1,979.20",0.13,-1.08,-0.95,2.2
Tyler Dorsey,2019,TOT,48,699.70,-0.1,-0.84,-0.95,0.8
Chimezie Metu,2019,SAS,29,145.80,-1.06,0.11,-0.95,0.2
Bryn Forbes,2019,SAS,88,"2,480.10",-0.64,-0.32,-0.96,2.7
Deng Adel,2019,CLE,19,194,-1.25,0.3,-0.96,0.2
Naz Mitrou-Long,2019,UTA,14,84,-0.39,-0.57,-0.96,0.1
Deandre Ayton,2019,PHO,71,"2,196.30",-0.46,-0.52,-0.97,2.3
Jalen Brunson,2019,DAL,72,"1,562.30",0.06,-1.04,-0.97,1.7
Wilson Chandler,2019,TOT,55,"1,217.80",-0.54,-0.43,-0.97,1.3
Khyri Thomas,2019,DET,29,211.50,-1.63,0.64,-0.99,0.2
Kris Dunn,2019,CHI,46,"1,391.20",-0.94,-0.07,-1.01,1.4
Skal Labissiere,2019,TOT,25,186.8,-0.54,-0.47,-1.01,0.2
Harrison Barnes,2019,TOT,76,"2,519.60",-0.64,-0.38,-1.02,2.6
Zach LaVine,2019,CHI,63,"2,172.40",0.37,-1.39,-1.02,2.2
Eric Moreland,2019,TOT,13,71.40,-0.96,-0.06,-1.02,0.1
Duncan Robinson,2019,MIA,14,161.40,-0.75,-0.29,-1.04,0.2
Garrett Temple,2019,TOT,81,"2,092.90",-2.18,1.13,-1.05,2.1
Tristan Thompson,2019,CLE,43,"1,199.00",-0.24,-0.81,-1.05,1.2
Kenrich Williams,2019,NOP,46,"1,080.10",-1.29,0.24,-1.05,1.1
C.J. Williams,2019,MIN,15,128.30,-0.86,-0.19,-1.05,0.1
Jared Terrell,2019,MIN,14,111.40,-0.91,-0.14,-1.05,0.1
Trae Young,2019,ATL,81,"2,504.30",2.36,-3.42,-1.06,2.6
Brandon Sampson,2019,CHI,14,214.60,-0.7,-0.37,-1.06,0.2
Wayne Ellington,2019,TOT,56,"1,411.20",-0.67,-0.4,-1.08,1.4
Dennis Smith,2019,TOT,53,"1,508.60",-1.64,0.54,-1.09,1.5
Langston Galloway,2019,DET,83,"1,838.30",-0.33,-0.76,-1.1,1.8
Sam Dekker,2019,TOT,47,790,-0.73,-0.37,-1.1,0.8
Reggie Bullock,2019,TOT,63,"1,879.70",-0.18,-0.95,-1.13,1.8
Spencer Dinwiddie,2019,BRK,73,"2,049.40",0.59,-1.74,-1.15,2
Vince Carter,2019,ATL,76,"1,332.60",-1.55,0.39,-1.16,1.2
Willy Hernangomez,2019,CHO,58,814.90,-0.02,-1.15,-1.17,0.8
Damyean Dotson,2019,NYK,72,"1,976.00",-0.85,-0.34,-1.18,1.8
Marco Belinelli,2019,SAS,85,"1,932.80",0.79,-1.98,-1.19,1.8
Damian Jones,2019,GSW,28,417.70,-1.41,0.2,-1.21,0.4
Doug McDermott,2019,IND,80,"1,372.60",-0.57,-0.66,-1.23,1.2
Allen Crabbe,2019,BRK,43,"1,134.70",-1.33,0.09,-1.23,1
Devin Booker,2019,PHO,64,"2,243.80",2.51,-3.78,-1.27,2
Kosta Koufos,2019,SAC,42,503,-1.97,0.71,-1.27,0.4
Daniel Hamilton,2019,ATL,19,204.5,-1.32,0.05,-1.27,0.2
DeAndre' Bembry,2019,ATL,82,"1,935.00",-2.13,0.85,-1.28,1.7
Delon Wright,2019,TOT,75,"1,701.20",-0.76,-0.52,-1.28,1.5
Jeff Green,2019,WAS,77,"2,098.50",0.35,-1.64,-1.29,1.8
Bismack Biyombo,2019,CHO,54,782.70,-2.13,0.84,-1.29,0.7
Malcolm Miller,2019,TOR,20,95.30,-0.88,-0.42,-1.29,0.1
Thon Maker,2019,TOT,68,"1,042.40",-2.21,0.92,-1.3,0.9
Juan Hernangomez,2019,DEN,75,"1,375.30",-1.41,0.1,-1.31,1.2
Malik Beasley,2019,DEN,95,"2,162.90",0.34,-1.66,-1.32,1.8
Bruce Brown,2019,DET,77,"1,481.20",-2.64,1.31,-1.33,1.2
Jake Layman,2019,POR,77,"1,349.00",-0.89,-0.43,-1.33,1.1
Shai Gilgeous-Alexander,2019,LAC,88,"2,360.90",-1.35,0.01,-1.35,1.9
Jaylen Brown,2019,BOS,83,"2,190.20",-1.55,0.19,-1.36,1.8
Justin Jackson,2019,TOT,80,"1,589.40",-0.51,-0.85,-1.36,1.3
Julian Washburn,2019,MEM,18,254.30,-1.32,-0.04,-1.36,0.2
T.J. Warren,2019,PHO,43,"1,361.30",0.07,-1.44,-1.37,1.1
Dario Saric,2019,TOT,81,"2,024.90",-0.48,-0.9,-1.38,1.6
Wesley Matthews,2019,TOT,73,"2,211.60",-0.63,-0.76,-1.39,1.7
Nerlens Noel,2019,OKC,82,"1,117.00",-3.65,2.27,-1.39,0.8
Edmond Sumner,2019,IND,24,212.00,-1.32,-0.08,-1.4,0.2
James Johnson,2019,MIA,55,"1,166.20",-1.75,0.34,-1.41,0.9
Matthew Dellavedova,2019,TOT,48,813.3,-0.89,-0.53,-1.42,0.6
Brandon Ingram,2019,LAL,52,"1,763.00",-0.98,-0.46,-1.43,1.3
Taurean Waller-Prince,2019,ATL,55,"1,554.30",0.13,-1.55,-1.43,1.2
Robin Lopez,2019,CHI,74,"1,607.30",-1.02,-0.41,-1.43,1.2
Michael Beasley,2019,LAL,26,278.2,-1.11,-0.32,-1.43,0.2
Jerome Robinson,2019,LAC,38,367.40,-1.08,-0.35,-1.44,0.3
Ivan Rabb,2019,MEM,49,721.40,-0.73,-0.73,-1.45,0.5
Dwayne Bacon,2019,CHO,43,759.60,-0.43,-1.03,-1.46,0.6
Wade Baldwin,2019,POR,16,93.90,-1.17,-0.29,-1.46,0.1
Malik Monk,2019,CHO,73,"1,260.60",-0.28,-1.2,-1.47,0.9
Trevor Ariza,2019,TOT,69,"2,348.90",-0.47,-1.01,-1.48,1.8
Austin Rivers,2019,TOT,86,"2,245.20",-0.56,-0.92,-1.48,1.7
Jason Smith,2019,TOT,20,191.70,-1.53,0.05,-1.48,0.1
Tony Snell,2019,MIL,83,"1,335.40",-0.75,-0.75,-1.5,1
Tyrone Wallace,2019,LAC,64,640.90,-2.17,0.67,-1.5,0.5
Sindarius Thornwell,2019,LAC,68,325.30,-3.28,1.77,-1.5,0.2
Cameron Reynolds,2019,MIN,19,260.10,-0.86,-0.64,-1.5,0.2
Miles Bridges,2019,CHO,80,"1,698.50",-1.14,-0.37,-1.51,1.2
Tony Parker,2019,CHO,56,"1,003.60",-0.45,-1.06,-1.51,0.7
Malachi Richardson,2019,TOR,22,103.3,-1.2,-0.32,-1.52,0.1
Tyler Johnson,2019,TOT,57,"1,542.90",-0.91,-0.64,-1.54,1.1
Donte DiVincenzo,2019,MIL,27,412.4,-1.13,-0.43,-1.56,0.3
Alex Poythress,2019,ATL,21,305.90,-1.74,0.18,-1.56,0.2
Darius Miller,2019,NOP,69,"1,758.20",-0.58,-1,-1.58,1.2
Zaza Pachulia,2019,DET,70,900.40,-2.82,1.24,-1.58,0.6
Jahlil Okafor,2019,NOP,59,935.70,-1.35,-0.24,-1.59,0.6
Shake Milton,2019,PHI,20,269.50,-0.71,-0.87,-1.59,0.2
Andrew Wiggins,2019,MIN,73,"2,544.80",-0.11,-1.51,-1.61,1.7
Mario Hezonja,2019,NYK,57,"1,185.80",-1.46,-0.14,-1.61,0.8
Isaiah Thomas,2019,DEN,12,181.60,-1.13,-0.48,-1.61,0.1
Kelly Oubre,2019,TOT,69,"1,961.50",-0.4,-1.22,-1.62,1.3
Markelle Fultz,2019,PHI,19,427.5,-2.06,0.44,-1.62,0.3
Marvin Bagley,2019,SAC,61,"1,538.10",-0.34,-1.29,-1.64,1
Jonah Bolden,2019,PHI,54,719.9,-2.07,0.43,-1.64,0.4
Trey Lyles,2019,DEN,67,"1,130.60",-1.44,-0.21,-1.65,0.7
Rodney McGruder,2019,MIA,66,"1,551.10",-1.47,-0.19,-1.66,0.9
Semi Ojeleye,2019,BOS,62,630.20,-1.42,-0.24,-1.66,0.4
Shaquille Harrison,2019,CHI,72,"1,413.20",-2.2,0.53,-1.67,0.8
Jevon Carter,2019,MEM,39,576.80,-1.86,0.18,-1.67,0.3
Dairis Bertans,2019,NOP,12,167.6,-1.2,-0.48,-1.68,0.1
Dragan Bender,2019,PHO,46,814.90,-1.5,-0.21,-1.7,0.5
Joe Harris,2019,BRK,81,"2,444.10",0.31,-2.02,-1.71,1.5
Wesley Iwundu,2019,ORL,73,"1,295.20",-2.55,0.82,-1.72,0.7
Jaylen Adams,2019,ATL,34,428.40,-1.87,0.14,-1.72,0.2
Andrew Bogut,2019,GSW,30,312.80,-2.41,0.68,-1.72,0.2
JaMychal Green,2019,TOT,71,"1,502.30",-1.46,-0.27,-1.73,0.8
Luke Kennard,2019,DET,66,"1,547.00",-0.74,-1,-1.74,0.9
Guerschon Yabusele,2019,BOS,45,265.7,-1.32,-0.43,-1.74,0.2
Devonte' Graham,2019,CHO,46,677.60,-0.83,-0.92,-1.75,0.4
Jabari Parker,2019,TOT,64,"1,726.10",-1.22,-0.6,-1.81,0.9
John Jenkins,2019,TOT,25,306.6,-1.21,-0.6,-1.81,0.1
E'Twaun Moore,2019,NOP,53,"1,464.90",-0.22,-1.6,-1.82,0.8
Marcin Gortat,2019,LAC,47,750.50,-2.18,0.35,-1.83,0.4
Anfernee Simons,2019,POR,25,152.50,-0.86,-0.98,-1.84,0.1
Enes Kanter,2019,TOT,83,"2,103.70",-0.42,-1.43,-1.85,1
James Ennis,2019,TOT,69,"1,463.00",-0.85,-1,-1.85,0.8
Troy Daniels,2019,PHO,51,760.40,-0.7,-1.15,-1.85,0.4
Chandler Hutchison,2019,CHI,44,895.9,-2.4,0.54,-1.86,0.4
Troy Williams,2019,SAC,21,311.7,-1.97,0.11,-1.86,0.1
Kentavious Caldwell-Pope,2019,LAL,82,"2,037.00",0.14,-2.04,-1.89,1
Harry Giles,2019,SAC,58,822.60,-1.84,-0.05,-1.89,0.4
Dwyane Wade,2019,MIA,72,"1,888.90",-0.31,-1.63,-1.94,0.8
Kent Bazemore,2019,ATL,67,"1,645.10",-2.29,0.34,-1.95,0.7
D.J. Wilson,2019,MIL,56,925.10,-2.13,0.18,-1.95,0.4
Wendell Carter,2019,CHI,44,"1,110.90",-3.34,1.38,-1.96,0.4
Dennis Schroder,2019,OKC,84,"2,468.50",-0.97,-1,-1.97,1
T.J. McConnell,2019,PHI,85,"1,546.40",-1.29,-0.7,-1.98,0.6
Lance Stephenson,2019,LAL,68,"1,124.50",-1.02,-0.95,-1.98,0.5
Chasson Randle,2019,WAS,49,745.20,-1.43,-0.55,-1.99,0.3
Iman Shumpert,2019,TOT,70,"1,591.70",-1.41,-0.59,-2,0.7
Raymond Felton,2019,OKC,38,436.80,-2.34,0.33,-2.01,0.1
Keita Bates-Diop,2019,MIN,30,503.90,-1.69,-0.34,-2.03,0.2
Mike Scott,2019,TOT,89,"1,590.90",-1.53,-0.52,-2.05,0.6
Terrance Ferguson,2019,OKC,79,"2,060.30",-1.57,-0.5,-2.07,0.7
Terry Rozier,2019,BOS,88,"1,957.50",-2.22,0.16,-2.07,0.6
Jodie Meeks,2019,TOR,22,171.00,-1.23,-0.84,-2.07,0.1
Anthony Tolliver,2019,MIN,65,"1,080.60",-2.02,-0.1,-2.12,0.3
Omari Spellman,2019,ATL,46,805,-1.38,-0.74,-2.12,0.3
Deonte Burton,2019,OKC,35,245.00,-2.72,0.6,-2.12,0.1
Chandler Parsons,2019,MEM,25,497.20,-1.63,-0.5,-2.14,0.1
Jerian Grant,2019,ORL,63,953.60,-2.42,0.26,-2.16,0.2
Sviatoslav Mykhailiuk,2019,TOT,42,441.40,-1.2,-0.97,-2.17,0.1
Jonas Jerebko,2019,GSW,90,"1,343.80",-1.51,-0.69,-2.2,0.4
Dante Exum,2019,UTA,42,665.40,-1.11,-1.1,-2.2,0.2
Georges Niang,2019,UTA,64,572.40,-0.51,-1.71,-2.21,0.2
Dillon Brooks,2019,MEM,18,329.90,-1.42,-0.79,-2.21,0.1
Cristiano Felicio,2019,CHI,59,724.3,-1.07,-1.16,-2.22,0.2
Isaiah Briscoe,2019,ORL,39,560.80,-2.91,0.67,-2.24,0.1
Seth Curry,2019,POR,90,"1,728.70",-1.67,-0.59,-2.26,0.4
Frank Mason,2019,SAC,38,436.20,-1.13,-1.16,-2.28,0.1
Glenn Robinson,2019,DET,50,646.30,-2.72,0.39,-2.33,0.1
Will Barton,2019,DEN,57,"1,518.50",-1.59,-0.77,-2.36,0.3
Rajon Rondo,2019,LAL,46,"1,370.80",-1.16,-1.23,-2.39,0.2
Allonzo Trier,2019,NYK,64,"1,460.10",-1.58,-0.83,-2.41,0.1
Tim Frazier,2019,TOT,69,"1,112.60",-1.16,-1.26,-2.42,0.2
Cameron Payne,2019,TOT,40,713.30,-1.9,-0.51,-2.42,0.1
Meyers Leonard,2019,POR,72,"1,050.00",-0.76,-1.67,-2.43,0.2
Tim Hardaway,2019,TOT,65,"2,059.60",-0.07,-2.37,-2.44,0.2
Emmanuel Mudiay,2019,NYK,59,"1,607.30",-0.26,-2.18,-2.45,0.2
Dante Cunningham,2019,SAS,69,943.9,-2.6,0.14,-2.46,0.1
Caleb Swanigan,2019,TOT,21,178.70,-2.37,-0.09,-2.47,0
Alec Burks,2019,TOT,64,"1,377.70",-1.36,-1.12,-2.48,0.1
Amir Johnson,2019,PHI,54,524.20,-1.85,-0.63,-2.48,0.1
Brandon Knight,2019,TOT,39,737.80,-1.62,-0.9,-2.52,0
Markieff Morris,2019,TOT,63,"1,330.90",-1.6,-0.95,-2.55,0.1
MarShon Brooks,2019,MEM,29,387.5,-1.06,-1.5,-2.56,0
Evan Turner,2019,POR,89,"1,853.70",-1.93,-0.64,-2.57,0.1
Carmelo Anthony,2019,HOU,10,294.20,-1.83,-0.76,-2.59,0
Moritz Wagner,2019,LAL,43,447.50,-2.75,0.16,-2.59,0
Channing Frye,2019,CLE,36,341.50,-1.47,-1.12,-2.6,0
Frank Ntilikina,2019,NYK,43,904.20,-2.23,-0.37,-2.6,0
Justin Holiday,2019,TOT,82,"2,608.50",-2.44,-0.16,-2.6,-0.1
Ian Clark,2019,NOP,60,974.20,-1.48,-1.15,-2.64,0
Lorenzo Brown,2019,TOR,26,212.8,-2.68,-0.04,-2.72,0
Rodney Hood,2019,TOT,88,"2,269.50",-1.41,-1.39,-2.8,-0.3
Zach Collins,2019,POR,92,"1,621.10",-2.91,0.09,-2.82,-0.2
Wesley Johnson,2019,TOT,38,535.00,-2.7,-0.18,-2.88,-0.1
Mo Bamba,2019,ORL,47,767.6,-4.05,1.16,-2.89,-0.2
C.J. Miles,2019,TOT,53,858.10,-2.12,-0.8,-2.92,-0.2
Stanley Johnson,2019,TOT,66,"1,207.70",-4.09,1.15,-2.94,-0.4
Jeremy Lin,2019,TOT,82,"1,466.20",-2.62,-0.39,-3.01,-0.5
Avery Bradley,2019,TOT,63,"1,906.30",-1.61,-1.41,-3.02,-0.5
Antonio Blakeney,2019,CHI,56,815.8,-1.57,-1.5,-3.07,-0.3
Jon Leuer,2019,DET,42,407.60,-3.26,0.19,-3.08,-0.2
Norman Powell,2019,TOR,85,"1,518.90",-2.51,-0.58,-3.09,-0.5
Lance Thomas,2019,NYK,46,784.30,-3.11,0.01,-3.1,-0.3
Sterling Brown,2019,MIL,69,"1,198.00",-2.3,-0.84,-3.14,-0.4
Marquese Chriss,2019,TOT,43,500.4,-2.41,-0.75,-3.16,-0.2
Alex Abrines,2019,OKC,31,590.00,-3.09,-0.12,-3.21,-0.3
Damion Lee,2019,GSW,32,376.70,-2.18,-1.14,-3.32,-0.2
Elie Okobo,2019,PHO,53,959.4,-2.44,-0.91,-3.35,-0.5
Ryan Anderson,2019,TOT,25,321.7,-2.83,-0.55,-3.38,-0.2
Frank Jackson,2019,NOP,61,"1,170.50",-1.6,-1.81,-3.41,-0.6
Cedi Osman,2019,CLE,76,"2,446.50",-0.95,-2.53,-3.47,-1.3
Solomon Hill,2019,NOP,44,879.70,-2.36,-1.12,-3.48,-0.5
Jerryd Bayless,2019,MIN,34,658.20,-1.49,-2.02,-3.51,-0.4
Timothe Luwawu-Cabarrot,2019,TOT,50,670.40,-2.57,-0.96,-3.54,-0.4
Shelvin Mack,2019,TOT,57,"1,249.00",-2.35,-1.22,-3.57,-0.9
Alfonzo McKinnie,2019,GSW,96,"1,252.70",-2.32,-1.27,-3.59,-0.7
Isaiah Canaan,2019,TOT,30,628.10,-1.86,-1.77,-3.62,-0.4
Josh Jackson,2019,PHO,79,"1,990.30",-2.87,-0.76,-3.63,-1.3
Shaun Livingston,2019,GSW,88,"1,334.90",-2.88,-0.75,-3.64,-0.8
Jordan Bell,2019,GSW,83,894.60,-3,-0.65,-3.65,-0.6
Wayne Selden,2019,TOT,75,"1,441.30",-1.98,-1.73,-3.72,-1
Jose Calderon,2019,DET,50,638.20,-3.8,0.08,-3.73,-0.5
Patrick McCaw,2019,TOT,41,447.3,-3.3,-0.44,-3.74,-0.3
Nik Stauskas,2019,TOT,68,"1,017.00",-2.18,-1.56,-3.74,-0.7
Jacob Evans,2019,GSW,37,221.9,-3.04,-0.72,-3.76,-0.2
Jonathon Simmons,2019,TOT,63,"1,120.30",-3.15,-0.7,-3.85,-0.9
Greg Monroe,2019,TOT,53,570.80,-2.87,-1.13,-4.01,-0.5
Jamal Crawford,2019,PHO,64,"1,225.60",-1.41,-2.73,-4.14,-1.2
OG Anunoby,2019,TOR,67,"1,355.10",-3.27,-0.97,-4.24,-1.4
Hamidou Diallo,2019,OKC,51,526.7,-2.94,-1.41,-4.35,-0.6
Collin Sexton,2019,CLE,82,"2,609.30",-1.33,-3.39,-4.72,-3.3
Patrick Patterson,2019,OKC,63,862.60,-3.17,-1.73,-4.89,-1.3
Kevin Knox,2019,NYK,74,"2,132.00",-2.48,-2.41,-4.9,-3.1
Grayson Allen,2019,UTA,40,431.7,-1.99,-3.22,-5.22,-0.7
Abdel Nader,2019,OKC,64,699.5,-4.18,-1.09,-5.28,-1.2
Quinn Cook,2019,GSW,93,"1,285.10",-2.97,-3.14,-6.1,-2.7
,,,,,,,,
,,,,,,,,
,,,,,,,,
,,,,,,,,
,,,,,,,,
,,,,,,,,
,,,,,,,,
,,,,,,,,
,,,,,,,,
,,,,,,,,
,,,,,,,,
